deal_id,account_id,sales_rep_id,lead_source_id,deal_name,stage,outcome,amount,probability,created_at,qualified_at,opportunity_at,proposal_sent_at,expected_close_date,closed_at,last_activity_at,next_activity_at,first_response_at,sla_due_at,lost_reason,created_timestamp,updated_timestamp
DL0001,ACC0028,SR001,LS001,Lumora Opportunity 0001,Closed Won,Closed Won,5000.00,100.00,2025-09-23 09:00:00+00,2025-09-26 09:00:00+00,2025-09-28 09:00:00+00,2025-10-03 09:00:00+00,2025-10-20,2025-10-20 09:00:00+00,2025-10-18 09:00:00+00,,2025-09-23 15:00:00+00,2025-09-24 09:00:00+00,,2026-08-30 15:44:41.343854+00,2025-10-20 10:00:00+00
DL0002,ACC0056,SR002,LS002,Lumora Opportunity 0002,Closed Won,Closed Won,5000.00,100.00,2025-10-10 09:00:00+00,2025-10-13 09:00:00+00,2025-10-15 09:00:00+00,2025-10-20 09:00:00+00,2025-11-11,2025-11-11 09:00:00+00,2025-11-09 09:00:00+00,,2025-10-10 15:00:00+00,2025-10-11 09:00:00+00,,2026-08-30 15:44:41.343854+00,2025-11-11 10:00:00+00
DL0003,ACC0084,SR003,LS003,Lumora Opportunity 0003,Closed Won,Closed Won,5000.00,100.00,2025-10-27 09:00:00+00,2025-10-30 09:00:00+00,2025-11-01 09:00:00+00,2025-11-06 09:00:00+00,2025-12-03,2025-12-03 09:00:00+00,2025-12-01 09:00:00+00,,2025-10-27 15:00:00+00,2025-10-28 09:00:00+00,,2026-08-30 15:44:41.343854+00,2025-12-03 10:00:00+00
DL0004,ACC0112,SR004,LS004,Lumora Opportunity 0004,Closed Won,Closed Won,11000.00,100.00,2025-11-13 09:00:00+00,2025-11-16 09:00:00+00,2025-11-18 09:00:00+00,2025-11-23 09:00:00+00,2025-12-25,2025-12-25 09:00:00+00,2025-12-23 09:00:00+00,,2025-11-13 15:00:00+00,2025-11-14 09:00:00+00,,2026-08-30 15:44:41.343854+00,2025-12-25 10:00:00+00
DL0005,ACC0140,SR005,LS005,Lumora Opportunity 0005,Closed Won,Closed Won,11000.00,100.00,2025-11-30 09:00:00+00,2025-12-03 09:00:00+00,2025-12-05 09:00:00+00,2025-12-10 09:00:00+00,2026-01-16,2026-01-16 09:00:00+00,2026-01-14 09:00:00+00,,2025-11-30 15:00:00+00,2025-12-01 09:00:00+00,,2026-08-30 15:44:41.343854+00,2026-01-16 10:00:00+00
DL0006,ACC0018,SR006,LS006,Lumora Opportunity 0006,Closed Won,Closed Won,11000.00,100.00,2025-12-17 09:00:00+00,2025-12-20 09:00:00+00,2025-12-22 09:00:00+00,2025-12-27 09:00:00+00,2026-02-07,2026-02-07 09:00:00+00,2026-02-05 09:00:00+00,,2025-12-17 15:00:00+00,2025-12-18 09:00:00+00,,2026-08-30 15:44:41.343854+00,2026-02-07 10:00:00+00
DL0007,ACC0094,SR001,LS007,Lumora Opportunity 0007,Closed Won,Closed Won,5500.00,100.00,2025-09-28 09:00:00+00,2025-10-01 09:00:00+00,2025-10-03 09:00:00+00,2025-10-08 09:00:00+00,2025-11-01,2025-11-01 09:00:00+00,2025-10-29 09:00:00+00,,2025-09-28 15:00:00+00,2025-09-29 09:00:00+00,,2026-08-30 15:44:41.343854+00,2025-11-01 10:00:00+00
DL0008,ACC0122,SR002,LS001,Lumora Opportunity 0008,Closed Won,Closed Won,5500.00,100.00,2025-10-15 09:00:00+00,2025-10-18 09:00:00+00,2025-10-20 09:00:00+00,2025-10-25 09:00:00+00,2025-11-23,2025-11-23 09:00:00+00,2025-11-20 09:00:00+00,,2025-10-15 15:00:00+00,2025-10-16 09:00:00+00,,2026-08-30 15:44:41.343854+00,2025-11-23 10:00:00+00
DL0009,ACC0150,SR003,LS002,Lumora Opportunity 0009,Closed Won,Closed Won,5500.00,100.00,2025-11-01 09:00:00+00,2025-11-04 09:00:00+00,2025-11-06 09:00:00+00,2025-11-11 09:00:00+00,2025-12-15,2025-12-15 09:00:00+00,2025-12-12 09:00:00+00,,2025-11-01 15:00:00+00,2025-11-02 09:00:00+00,,2026-08-30 15:44:41.343854+00,2025-12-15 10:00:00+00
DL0010,ACC0028,SR004,LS003,Lumora Opportunity 0010,Closed Won,Closed Won,12000.00,100.00,2025-11-18 09:00:00+00,2025-11-21 09:00:00+00,2025-11-23 09:00:00+00,2025-11-28 09:00:00+00,2026-01-06,2026-01-06 09:00:00+00,2026-01-03 09:00:00+00,,2025-11-18 15:00:00+00,2025-11-19 09:00:00+00,,2026-08-30 15:44:41.343854+00,2026-01-06 10:00:00+00
DL0011,ACC0056,SR005,LS004,Lumora Opportunity 0011,Closed Won,Closed Won,12000.00,100.00,2025-12-05 09:00:00+00,2025-12-08 09:00:00+00,2025-12-10 09:00:00+00,2025-12-15 09:00:00+00,2026-01-28,2026-01-28 09:00:00+00,2026-01-25 09:00:00+00,,2025-12-05 15:00:00+00,2025-12-06 09:00:00+00,,2026-08-30 15:44:41.343854+00,2026-01-28 10:00:00+00
DL0012,ACC0084,SR006,LS005,Lumora Opportunity 0012,Closed Won,Closed Won,12000.00,100.00,2025-12-22 09:00:00+00,2025-12-25 09:00:00+00,2025-12-27 09:00:00+00,2026-01-01 09:00:00+00,2026-02-19,2026-02-19 09:00:00+00,2026-02-16 09:00:00+00,,2025-12-22 15:00:00+00,2025-12-23 09:00:00+00,,2026-08-30 15:44:41.343854+00,2026-02-19 10:00:00+00
DL0013,ACC0010,SR001,LS006,Lumora Opportunity 0013,Closed Won,Closed Won,6000.00,100.00,2025-10-03 09:00:00+00,2025-10-06 09:00:00+00,2025-10-08 09:00:00+00,2025-10-13 09:00:00+00,2025-11-13,2025-11-13 09:00:00+00,2025-11-09 09:00:00+00,,2025-10-03 15:00:00+00,2025-10-04 09:00:00+00,,2026-08-30 15:44:41.343854+00,2025-11-13 10:00:00+00
DL0014,ACC0038,SR002,LS007,Lumora Opportunity 0014,Closed Won,Closed Won,6000.00,100.00,2025-10-20 09:00:00+00,2025-10-23 09:00:00+00,2025-10-25 09:00:00+00,2025-10-30 09:00:00+00,2025-12-05,2025-12-05 09:00:00+00,2025-12-01 09:00:00+00,,2025-10-20 15:00:00+00,2025-10-21 09:00:00+00,,2026-08-30 15:44:41.343854+00,2025-12-05 10:00:00+00
DL0015,ACC0066,SR003,LS001,Lumora Opportunity 0015,Closed Won,Closed Won,6000.00,100.00,2025-11-06 09:00:00+00,2025-11-09 09:00:00+00,2025-11-11 09:00:00+00,2025-11-16 09:00:00+00,2025-12-27,2025-12-27 09:00:00+00,2025-12-23 09:00:00+00,,2025-11-06 15:00:00+00,2025-11-07 09:00:00+00,,2026-08-30 15:44:41.343854+00,2025-12-27 10:00:00+00
DL0016,ACC0094,SR004,LS002,Lumora Opportunity 0016,Closed Won,Closed Won,26500.00,100.00,2025-11-23 09:00:00+00,2025-11-26 09:00:00+00,2025-11-28 09:00:00+00,2025-12-03 09:00:00+00,2026-01-18,2026-01-18 09:00:00+00,2026-01-14 09:00:00+00,,2025-11-23 15:00:00+00,2025-11-24 09:00:00+00,,2026-08-30 15:44:41.343854+00,2026-01-18 10:00:00+00
DL0017,ACC0122,SR005,LS003,Lumora Opportunity 0017,Closed Won,Closed Won,26500.00,100.00,2025-12-10 09:00:00+00,2025-12-13 09:00:00+00,2025-12-15 09:00:00+00,2025-12-20 09:00:00+00,2026-02-09,2026-02-09 09:00:00+00,2026-02-05 09:00:00+00,,2025-12-10 15:00:00+00,2025-12-11 09:00:00+00,,2026-08-30 15:44:41.343854+00,2026-02-09 10:00:00+00
DL0018,ACC0150,SR006,LS004,Lumora Opportunity 0018,Closed Won,Closed Won,26500.00,100.00,2025-12-27 09:00:00+00,2025-12-30 09:00:00+00,2026-01-01 09:00:00+00,2026-01-06 09:00:00+00,2026-03-03,2026-03-03 09:00:00+00,2026-02-27 09:00:00+00,,2025-12-27 15:00:00+00,2025-12-28 09:00:00+00,,2026-08-30 15:44:41.343854+00,2026-03-03 10:00:00+00
DL0019,ACC0076,SR001,LS005,Lumora Opportunity 0019,Closed Won,Closed Won,14000.00,100.00,2025-10-08 09:00:00+00,2025-10-11 09:00:00+00,2025-10-13 09:00:00+00,2025-10-18 09:00:00+00,2025-11-25,2025-11-25 09:00:00+00,2025-11-20 09:00:00+00,,2025-10-08 15:00:00+00,2025-10-09 09:00:00+00,,2026-08-30 15:44:41.343854+00,2025-11-25 10:00:00+00
DL0020,ACC0104,SR002,LS006,Lumora Opportunity 0020,Closed Won,Closed Won,14000.00,100.00,2025-10-25 09:00:00+00,2025-10-28 09:00:00+00,2025-10-30 09:00:00+00,2025-11-04 09:00:00+00,2025-12-17,2025-12-17 09:00:00+00,2025-12-12 09:00:00+00,,2025-10-25 15:00:00+00,2025-10-26 09:00:00+00,,2026-08-30 15:44:41.343854+00,2025-12-17 10:00:00+00
DL0021,ACC0132,SR003,LS007,Lumora Opportunity 0021,Closed Won,Closed Won,14000.00,100.00,2025-11-11 09:00:00+00,2025-11-14 09:00:00+00,2025-11-16 09:00:00+00,2025-11-21 09:00:00+00,2026-01-08,2026-01-08 09:00:00+00,2026-01-03 09:00:00+00,,2025-11-11 15:00:00+00,2025-11-12 09:00:00+00,,2026-08-30 15:44:41.343854+00,2026-01-08 10:00:00+00
DL0022,ACC0010,SR004,LS001,Lumora Opportunity 0022,Closed Won,Closed Won,14000.00,100.00,2025-11-28 09:00:00+00,2025-12-01 09:00:00+00,2025-12-03 09:00:00+00,2025-12-08 09:00:00+00,2026-01-30,2026-01-30 09:00:00+00,2026-01-25 09:00:00+00,,2025-11-28 15:00:00+00,2025-11-29 09:00:00+00,,2026-08-30 15:44:41.343854+00,2026-01-30 10:00:00+00
DL0023,ACC0038,SR005,LS002,Lumora Opportunity 0023,Closed Won,Closed Won,14000.00,100.00,2025-12-15 09:00:00+00,2025-12-18 09:00:00+00,2025-12-20 09:00:00+00,2025-12-25 09:00:00+00,2026-02-21,2026-02-21 09:00:00+00,2026-02-16 09:00:00+00,,2025-12-15 15:00:00+00,2025-12-16 09:00:00+00,,2026-08-30 15:44:41.343854+00,2026-02-21 10:00:00+00
DL0024,ACC0066,SR006,LS003,Lumora Opportunity 0024,Closed Won,Closed Won,14000.00,100.00,2026-01-01 09:00:00+00,2026-01-04 09:00:00+00,2026-01-06 09:00:00+00,2026-01-11 09:00:00+00,2026-03-15,2026-03-15 09:00:00+00,2026-03-10 09:00:00+00,,2026-01-01 15:00:00+00,2026-01-02 09:00:00+00,,2026-08-30 15:44:41.343854+00,2026-03-15 10:00:00+00
DL0025,ACC0142,SR001,LS004,Lumora Opportunity 0025,Closed Won,Closed Won,7000.00,100.00,2025-10-13 09:00:00+00,2025-10-16 09:00:00+00,2025-10-18 09:00:00+00,2025-10-23 09:00:00+00,2025-12-07,2025-12-07 09:00:00+00,2025-12-06 09:00:00+00,,2025-10-13 15:00:00+00,2025-10-14 09:00:00+00,,2026-08-30 15:44:41.343854+00,2025-12-07 10:00:00+00
DL0026,ACC0020,SR002,LS005,Lumora Opportunity 0026,Closed Won,Closed Won,7000.00,100.00,2025-10-30 09:00:00+00,2025-11-02 09:00:00+00,2025-11-04 09:00:00+00,2025-11-09 09:00:00+00,2025-12-29,2025-12-29 09:00:00+00,2025-12-28 09:00:00+00,,2025-10-30 15:00:00+00,2025-10-31 09:00:00+00,,2026-08-30 15:44:41.343854+00,2025-12-29 10:00:00+00
DL0027,ACC0048,SR003,LS006,Lumora Opportunity 0027,Closed Won,Closed Won,7000.00,100.00,2025-11-16 09:00:00+00,2025-11-19 09:00:00+00,2025-11-21 09:00:00+00,2025-11-26 09:00:00+00,2026-01-20,2026-01-20 09:00:00+00,2026-01-19 09:00:00+00,,2025-11-16 15:00:00+00,2025-11-17 09:00:00+00,,2026-08-30 15:44:41.343854+00,2026-01-20 10:00:00+00
DL0028,ACC0076,SR004,LS007,Lumora Opportunity 0028,Closed Won,Closed Won,15000.00,100.00,2025-12-03 09:00:00+00,2025-12-06 09:00:00+00,2025-12-08 09:00:00+00,2025-12-13 09:00:00+00,2026-02-11,2026-02-11 09:00:00+00,2026-02-10 09:00:00+00,,2025-12-03 15:00:00+00,2025-12-04 09:00:00+00,,2026-08-30 15:44:41.343854+00,2026-02-11 10:00:00+00
DL0029,ACC0104,SR005,LS001,Lumora Opportunity 0029,Closed Won,Closed Won,15000.00,100.00,2025-12-20 09:00:00+00,2025-12-23 09:00:00+00,2025-12-25 09:00:00+00,2025-12-30 09:00:00+00,2026-03-05,2026-03-05 09:00:00+00,2026-03-04 09:00:00+00,,2025-12-20 15:00:00+00,2025-12-21 09:00:00+00,,2026-08-30 15:44:41.343854+00,2026-03-05 10:00:00+00
DL0030,ACC0132,SR006,LS002,Lumora Opportunity 0030,Closed Won,Closed Won,15000.00,100.00,2026-01-06 09:00:00+00,2026-01-09 09:00:00+00,2026-01-11 09:00:00+00,2026-01-16 09:00:00+00,2026-03-27,2026-03-27 09:00:00+00,2026-03-26 09:00:00+00,,2026-01-06 15:00:00+00,2026-01-07 09:00:00+00,,2026-08-30 15:44:41.343854+00,2026-03-27 10:00:00+00
DL0031,ACC0058,SR001,LS003,Lumora Opportunity 0031,Closed Won,Closed Won,7500.00,100.00,2025-10-18 09:00:00+00,2025-10-21 09:00:00+00,2025-10-23 09:00:00+00,2025-10-28 09:00:00+00,2025-12-19,2025-12-19 09:00:00+00,2025-12-17 09:00:00+00,,2025-10-18 15:00:00+00,2025-10-19 09:00:00+00,,2026-08-30 15:44:41.343854+00,2025-12-19 10:00:00+00
DL0032,ACC0086,SR002,LS004,Lumora Opportunity 0032,Closed Won,Closed Won,7500.00,100.00,2025-11-04 09:00:00+00,2025-11-07 09:00:00+00,2025-11-09 09:00:00+00,2025-11-14 09:00:00+00,2026-01-10,2026-01-10 09:00:00+00,2026-01-08 09:00:00+00,,2025-11-04 15:00:00+00,2025-11-05 09:00:00+00,,2026-08-30 15:44:41.343854+00,2026-01-10 10:00:00+00
DL0033,ACC0114,SR003,LS005,Lumora Opportunity 0033,Closed Won,Closed Won,7500.00,100.00,2025-11-21 09:00:00+00,2025-11-24 09:00:00+00,2025-11-26 09:00:00+00,2025-12-01 09:00:00+00,2026-02-01,2026-02-01 09:00:00+00,2026-01-30 09:00:00+00,,2025-11-21 15:00:00+00,2025-11-22 09:00:00+00,,2026-08-30 15:44:41.343854+00,2026-02-01 10:00:00+00
DL0034,ACC0142,SR004,LS006,Lumora Opportunity 0034,Closed Won,Closed Won,31000.00,100.00,2025-12-08 09:00:00+00,2025-12-11 09:00:00+00,2025-12-13 09:00:00+00,2025-12-18 09:00:00+00,2026-02-23,2026-02-23 09:00:00+00,2026-02-21 09:00:00+00,,2025-12-08 15:00:00+00,2025-12-09 09:00:00+00,,2026-08-30 15:44:41.343854+00,2026-02-23 10:00:00+00
DL0035,ACC0020,SR005,LS007,Lumora Opportunity 0035,Closed Won,Closed Won,31000.00,100.00,2025-12-25 09:00:00+00,2025-12-28 09:00:00+00,2025-12-30 09:00:00+00,2026-01-04 09:00:00+00,2026-03-17,2026-03-17 09:00:00+00,2026-03-15 09:00:00+00,,2025-12-25 15:00:00+00,2025-12-26 09:00:00+00,,2026-08-30 15:44:41.343854+00,2026-03-17 10:00:00+00
DL0036,ACC0048,SR006,LS001,Lumora Opportunity 0036,Closed Won,Closed Won,31000.00,100.00,2026-01-11 09:00:00+00,2026-01-14 09:00:00+00,2026-01-16 09:00:00+00,2026-01-21 09:00:00+00,2026-01-28,2026-01-28 09:00:00+00,2026-01-26 09:00:00+00,,2026-01-11 15:00:00+00,2026-01-12 09:00:00+00,,2026-08-30 15:44:41.343854+00,2026-01-28 10:00:00+00
DL0037,ACC0124,SR001,LS002,Lumora Opportunity 0037,Closed Won,Closed Won,8000.00,100.00,2025-10-23 09:00:00+00,2025-10-26 09:00:00+00,2025-10-28 09:00:00+00,2025-11-02 09:00:00+00,2025-12-31,2025-12-31 09:00:00+00,2025-12-28 09:00:00+00,,2025-10-23 15:00:00+00,2025-10-24 09:00:00+00,,2026-08-30 15:44:41.343854+00,2025-12-31 10:00:00+00
DL0038,ACC0002,SR002,LS003,Lumora Opportunity 0038,Closed Won,Closed Won,8000.00,100.00,2025-11-09 09:00:00+00,2025-11-12 09:00:00+00,2025-11-14 09:00:00+00,2025-11-19 09:00:00+00,2026-01-22,2026-01-22 09:00:00+00,2026-01-19 09:00:00+00,,2025-11-09 15:00:00+00,2025-11-10 09:00:00+00,,2026-08-30 15:44:41.343854+00,2026-01-22 10:00:00+00
DL0039,ACC0030,SR003,LS004,Lumora Opportunity 0039,Closed Won,Closed Won,8000.00,100.00,2025-11-26 09:00:00+00,2025-11-29 09:00:00+00,2025-12-01 09:00:00+00,2025-12-06 09:00:00+00,2026-02-13,2026-02-13 09:00:00+00,2026-02-10 09:00:00+00,,2025-11-26 15:00:00+00,2025-11-27 09:00:00+00,,2026-08-30 15:44:41.343854+00,2026-02-13 10:00:00+00
DL0040,ACC0008,SR004,LS005,Lumora Opportunity 0040,Closed Won,Closed Won,17000.00,100.00,2025-12-13 09:00:00+00,2025-12-16 09:00:00+00,2025-12-18 09:00:00+00,2025-12-23 09:00:00+00,2026-03-07,2026-03-07 09:00:00+00,2026-03-04 09:00:00+00,,2025-12-13 15:00:00+00,2025-12-14 09:00:00+00,,2026-08-30 15:44:41.343854+00,2026-03-07 10:00:00+00
DL0041,ACC0036,SR005,LS006,Lumora Opportunity 0041,Closed Won,Closed Won,17000.00,100.00,2025-12-30 09:00:00+00,2026-01-02 09:00:00+00,2026-01-04 09:00:00+00,2026-01-09 09:00:00+00,2026-01-18,2026-01-18 09:00:00+00,2026-01-15 09:00:00+00,,2025-12-30 15:00:00+00,2025-12-31 09:00:00+00,,2026-08-30 15:44:41.343854+00,2026-01-18 10:00:00+00
DL0042,ACC0064,SR006,LS007,Lumora Opportunity 0042,Closed Won,Closed Won,17000.00,100.00,2026-01-16 09:00:00+00,2026-01-19 09:00:00+00,2026-01-21 09:00:00+00,2026-01-26 09:00:00+00,2026-02-09,2026-02-09 09:00:00+00,2026-02-06 09:00:00+00,,2026-01-16 15:00:00+00,2026-01-17 09:00:00+00,,2026-08-30 15:44:41.343854+00,2026-02-09 10:00:00+00
DL0043,ACC0040,SR001,LS001,Lumora Opportunity 0043,Closed Won,Closed Won,18000.00,100.00,2025-10-28 09:00:00+00,2025-10-31 09:00:00+00,2025-11-02 09:00:00+00,2025-11-07 09:00:00+00,2026-01-12,2026-01-12 09:00:00+00,2026-01-08 09:00:00+00,,2025-10-29 17:00:00+00,2025-10-29 09:00:00+00,,2026-08-30 15:44:41.343854+00,2026-01-12 10:00:00+00
DL0044,ACC0018,SR002,LS002,Lumora Opportunity 0044,Closed Won,Closed Won,18000.00,100.00,2025-11-14 09:00:00+00,2025-11-17 09:00:00+00,2025-11-19 09:00:00+00,2025-11-24 09:00:00+00,2026-02-03,2026-02-03 09:00:00+00,2026-01-30 09:00:00+00,,2025-11-15 17:00:00+00,2025-11-15 09:00:00+00,,2026-08-30 15:44:41.343854+00,2026-02-03 10:00:00+00
DL0045,ACC0046,SR003,LS003,Lumora Opportunity 0045,Closed Won,Closed Won,18000.00,100.00,2025-12-01 09:00:00+00,2025-12-04 09:00:00+00,2025-12-06 09:00:00+00,2025-12-11 09:00:00+00,2025-12-17,2025-12-17 09:00:00+00,2025-12-13 09:00:00+00,,2025-12-02 17:00:00+00,2025-12-02 09:00:00+00,,2026-08-30 15:44:41.343854+00,2025-12-17 10:00:00+00
DL0046,ACC0074,SR004,LS004,Lumora Opportunity 0046,Closed Won,Closed Won,18000.00,100.00,2025-12-18 09:00:00+00,2025-12-21 09:00:00+00,2025-12-23 09:00:00+00,2025-12-28 09:00:00+00,2026-01-08,2026-01-08 09:00:00+00,2026-01-04 09:00:00+00,,2025-12-19 17:00:00+00,2025-12-19 09:00:00+00,,2026-08-30 15:44:41.343854+00,2026-01-08 10:00:00+00
DL0047,ACC0102,SR005,LS005,Lumora Opportunity 0047,Closed Won,Closed Won,18000.00,100.00,2026-01-04 09:00:00+00,2026-01-07 09:00:00+00,2026-01-09 09:00:00+00,2026-01-14 09:00:00+00,2026-01-30,2026-01-30 09:00:00+00,2026-01-26 09:00:00+00,,2026-01-05 17:00:00+00,2026-01-05 09:00:00+00,,2026-08-30 15:44:41.343854+00,2026-01-30 10:00:00+00
DL0048,ACC0130,SR006,LS006,Lumora Opportunity 0048,Closed Won,Closed Won,18000.00,100.00,2026-01-21 09:00:00+00,2026-01-24 09:00:00+00,2026-01-26 09:00:00+00,2026-01-31 09:00:00+00,2026-02-21,2026-02-21 09:00:00+00,2026-02-17 09:00:00+00,,2026-01-22 17:00:00+00,2026-01-22 09:00:00+00,,2026-08-30 15:44:41.343854+00,2026-02-21 10:00:00+00
DL0049,ACC0056,SR001,LS007,Lumora Opportunity 0049,Closed Won,Closed Won,9000.00,100.00,2025-11-02 09:00:00+00,2025-11-05 09:00:00+00,2025-11-07 09:00:00+00,2025-11-12 09:00:00+00,2026-01-24,2026-01-24 09:00:00+00,2026-01-19 09:00:00+00,,2025-11-02 15:00:00+00,2025-11-03 09:00:00+00,,2026-08-30 15:44:41.343854+00,2026-01-24 10:00:00+00
DL0050,ACC0084,SR002,LS001,Lumora Opportunity 0050,Closed Won,Closed Won,9000.00,100.00,2025-11-19 09:00:00+00,2025-11-22 09:00:00+00,2025-11-24 09:00:00+00,2025-11-29 09:00:00+00,2025-12-07,2025-12-07 09:00:00+00,2025-12-02 09:00:00+00,,2025-11-19 15:00:00+00,2025-11-20 09:00:00+00,,2026-08-30 15:44:41.343854+00,2025-12-07 10:00:00+00
DL0051,ACC0112,SR003,LS002,Lumora Opportunity 0051,Closed Won,Closed Won,9000.00,100.00,2025-12-06 09:00:00+00,2025-12-09 09:00:00+00,2025-12-11 09:00:00+00,2025-12-16 09:00:00+00,2025-12-29,2025-12-29 09:00:00+00,2025-12-24 09:00:00+00,,2025-12-06 15:00:00+00,2025-12-07 09:00:00+00,,2026-08-30 15:44:41.343854+00,2025-12-29 10:00:00+00
DL0052,ACC0140,SR004,LS003,Lumora Opportunity 0052,Closed Won,Closed Won,35500.00,100.00,2025-12-23 09:00:00+00,2025-12-26 09:00:00+00,2025-12-28 09:00:00+00,2026-01-02 09:00:00+00,2026-01-20,2026-01-20 09:00:00+00,2026-01-15 09:00:00+00,,2025-12-23 15:00:00+00,2025-12-24 09:00:00+00,,2026-08-30 15:44:41.343854+00,2026-01-20 10:00:00+00
DL0053,ACC0018,SR005,LS004,Lumora Opportunity 0053,Closed Won,Closed Won,35500.00,100.00,2026-01-09 09:00:00+00,2026-01-12 09:00:00+00,2026-01-14 09:00:00+00,2026-01-19 09:00:00+00,2026-02-11,2026-02-11 09:00:00+00,2026-02-06 09:00:00+00,,2026-01-09 15:00:00+00,2026-01-10 09:00:00+00,,2026-08-30 15:44:41.343854+00,2026-02-11 10:00:00+00
DL0054,ACC0046,SR006,LS005,Lumora Opportunity 0054,Closed Won,Closed Won,35500.00,100.00,2026-01-26 09:00:00+00,2026-01-29 09:00:00+00,2026-01-31 09:00:00+00,2026-02-05 09:00:00+00,2026-03-05,2026-03-05 09:00:00+00,2026-02-28 09:00:00+00,,2026-01-26 15:00:00+00,2026-01-27 09:00:00+00,,2026-08-30 15:44:41.343854+00,2026-03-05 10:00:00+00
DL0055,ACC0122,SR001,LS006,Lumora Opportunity 0055,Closed Won,Closed Won,4500.00,100.00,2025-11-07 09:00:00+00,2025-11-10 09:00:00+00,2025-11-12 09:00:00+00,2025-11-17 09:00:00+00,2025-11-27,2025-11-27 09:00:00+00,2025-11-26 09:00:00+00,,2025-11-07 15:00:00+00,2025-11-08 09:00:00+00,,2026-08-30 15:44:41.343854+00,2025-11-27 10:00:00+00
DL0056,ACC0150,SR002,LS007,Lumora Opportunity 0056,Closed Won,Closed Won,4500.00,100.00,2025-11-24 09:00:00+00,2025-11-27 09:00:00+00,2025-11-29 09:00:00+00,2025-12-04 09:00:00+00,2025-12-19,2025-12-19 09:00:00+00,2025-12-18 09:00:00+00,,2025-11-24 15:00:00+00,2025-11-25 09:00:00+00,,2026-08-30 15:44:41.343854+00,2025-12-19 10:00:00+00
DL0057,ACC0028,SR003,LS001,Lumora Opportunity 0057,Closed Won,Closed Won,4500.00,100.00,2025-12-11 09:00:00+00,2025-12-14 09:00:00+00,2025-12-16 09:00:00+00,2025-12-21 09:00:00+00,2026-01-10,2026-01-10 09:00:00+00,2026-01-09 09:00:00+00,,2025-12-11 15:00:00+00,2025-12-12 09:00:00+00,,2026-08-30 15:44:41.343854+00,2026-01-10 10:00:00+00
DL0058,ACC0056,SR004,LS002,Lumora Opportunity 0058,Closed Won,Closed Won,20000.00,100.00,2025-12-28 09:00:00+00,2025-12-31 09:00:00+00,2026-01-02 09:00:00+00,2026-01-07 09:00:00+00,2026-02-01,2026-02-01 09:00:00+00,2026-01-31 09:00:00+00,,2025-12-28 15:00:00+00,2025-12-29 09:00:00+00,,2026-08-30 15:44:41.343854+00,2026-02-01 10:00:00+00
DL0059,ACC0084,SR005,LS003,Lumora Opportunity 0059,Closed Won,Closed Won,20000.00,100.00,2026-01-14 09:00:00+00,2026-01-17 09:00:00+00,2026-01-19 09:00:00+00,2026-01-24 09:00:00+00,2026-02-23,2026-02-23 09:00:00+00,2026-02-22 09:00:00+00,,2026-01-14 15:00:00+00,2026-01-15 09:00:00+00,,2026-08-30 15:44:41.343854+00,2026-02-23 10:00:00+00
DL0060,ACC0112,SR006,LS004,Lumora Opportunity 0060,Closed Won,Closed Won,20000.00,100.00,2026-01-31 09:00:00+00,2026-02-03 09:00:00+00,2026-02-05 09:00:00+00,2026-02-10 09:00:00+00,2026-03-17,2026-03-17 09:00:00+00,2026-03-16 09:00:00+00,,2026-01-31 15:00:00+00,2026-02-01 09:00:00+00,,2026-08-30 15:44:41.343854+00,2026-03-17 10:00:00+00
DL0061,ACC0038,SR001,LS005,Lumora Opportunity 0061,Closed Won,Closed Won,5000.00,100.00,2025-11-12 09:00:00+00,2025-11-15 09:00:00+00,2025-11-17 09:00:00+00,2025-11-22 09:00:00+00,2025-12-09,2025-12-09 09:00:00+00,2025-12-07 09:00:00+00,,2025-11-12 15:00:00+00,2025-11-13 09:00:00+00,,2026-08-30 15:44:41.343854+00,2025-12-09 10:00:00+00
DL0062,ACC0066,SR002,LS006,Lumora Opportunity 0062,Closed Won,Closed Won,5000.00,100.00,2025-11-29 09:00:00+00,2025-12-02 09:00:00+00,2025-12-04 09:00:00+00,2025-12-09 09:00:00+00,2025-12-31,2025-12-31 09:00:00+00,2025-12-29 09:00:00+00,,2025-11-29 15:00:00+00,2025-11-30 09:00:00+00,,2026-08-30 15:44:41.343854+00,2025-12-31 10:00:00+00
DL0063,ACC0094,SR003,LS007,Lumora Opportunity 0063,Closed Won,Closed Won,5000.00,100.00,2025-12-16 09:00:00+00,2025-12-19 09:00:00+00,2025-12-21 09:00:00+00,2025-12-26 09:00:00+00,2026-01-22,2026-01-22 09:00:00+00,2026-01-20 09:00:00+00,,2025-12-16 15:00:00+00,2025-12-17 09:00:00+00,,2026-08-30 15:44:41.343854+00,2026-01-22 10:00:00+00
DL0064,ACC0122,SR004,LS001,Lumora Opportunity 0064,Closed Won,Closed Won,21000.00,100.00,2026-01-02 09:00:00+00,2026-01-05 09:00:00+00,2026-01-07 09:00:00+00,2026-01-12 09:00:00+00,2026-02-13,2026-02-13 09:00:00+00,2026-02-11 09:00:00+00,,2026-01-02 15:00:00+00,2026-01-03 09:00:00+00,,2026-08-30 15:44:41.343854+00,2026-02-13 10:00:00+00
DL0065,ACC0150,SR005,LS002,Lumora Opportunity 0065,Closed Won,Closed Won,21000.00,100.00,2026-01-19 09:00:00+00,2026-01-22 09:00:00+00,2026-01-24 09:00:00+00,2026-01-29 09:00:00+00,2026-03-07,2026-03-07 09:00:00+00,2026-03-05 09:00:00+00,,2026-01-19 15:00:00+00,2026-01-20 09:00:00+00,,2026-08-30 15:44:41.343854+00,2026-03-07 10:00:00+00
DL0066,ACC0028,SR006,LS003,Lumora Opportunity 0066,Closed Won,Closed Won,21000.00,100.00,2026-02-05 09:00:00+00,2026-02-08 09:00:00+00,2026-02-10 09:00:00+00,2026-02-15 09:00:00+00,2026-03-29,2026-03-29 09:00:00+00,2026-03-27 09:00:00+00,,2026-02-05 15:00:00+00,2026-02-06 09:00:00+00,,2026-08-30 15:44:41.343854+00,2026-03-29 10:00:00+00
DL0067,ACC0104,SR001,LS004,Lumora Opportunity 0067,Closed Won,Closed Won,22000.00,100.00,2025-11-17 09:00:00+00,2025-11-20 09:00:00+00,2025-11-22 09:00:00+00,2025-11-27 09:00:00+00,2025-12-21,2025-12-21 09:00:00+00,2025-12-18 09:00:00+00,,2025-11-17 15:00:00+00,2025-11-18 09:00:00+00,,2026-08-30 15:44:41.343854+00,2025-12-21 10:00:00+00
DL0068,ACC0132,SR002,LS005,Lumora Opportunity 0068,Closed Won,Closed Won,22000.00,100.00,2025-12-04 09:00:00+00,2025-12-07 09:00:00+00,2025-12-09 09:00:00+00,2025-12-14 09:00:00+00,2026-01-12,2026-01-12 09:00:00+00,2026-01-09 09:00:00+00,,2025-12-04 15:00:00+00,2025-12-05 09:00:00+00,,2026-08-30 15:44:41.343854+00,2026-01-12 10:00:00+00
DL0069,ACC0010,SR003,LS006,Lumora Opportunity 0069,Closed Won,Closed Won,22000.00,100.00,2025-12-21 09:00:00+00,2025-12-24 09:00:00+00,2025-12-26 09:00:00+00,2025-12-31 09:00:00+00,2026-02-03,2026-02-03 09:00:00+00,2026-01-31 09:00:00+00,,2025-12-21 15:00:00+00,2025-12-22 09:00:00+00,,2026-08-30 15:44:41.343854+00,2026-02-03 10:00:00+00
DL0070,ACC0038,SR004,LS007,Lumora Opportunity 0070,Closed Won,Closed Won,40000.00,100.00,2026-01-07 09:00:00+00,2026-01-10 09:00:00+00,2026-01-12 09:00:00+00,2026-01-17 09:00:00+00,2026-02-25,2026-02-25 09:00:00+00,2026-02-22 09:00:00+00,,2026-01-07 15:00:00+00,2026-01-08 09:00:00+00,,2026-08-30 15:44:41.343854+00,2026-02-25 10:00:00+00
DL0071,ACC0066,SR005,LS001,Lumora Opportunity 0071,Closed Won,Closed Won,40000.00,100.00,2026-01-24 09:00:00+00,2026-01-27 09:00:00+00,2026-01-29 09:00:00+00,2026-02-03 09:00:00+00,2026-03-19,2026-03-19 09:00:00+00,2026-03-16 09:00:00+00,,2026-01-24 15:00:00+00,2026-01-25 09:00:00+00,,2026-08-30 15:44:41.343854+00,2026-03-19 10:00:00+00
DL0072,ACC0094,SR006,LS002,Lumora Opportunity 0072,Closed Won,Closed Won,40000.00,100.00,2026-02-10 09:00:00+00,2026-02-13 09:00:00+00,2026-02-15 09:00:00+00,2026-02-20 09:00:00+00,2026-04-10,2026-04-10 09:00:00+00,2026-04-07 09:00:00+00,,2026-02-10 15:00:00+00,2026-02-11 09:00:00+00,,2026-08-30 15:44:41.343854+00,2026-04-10 10:00:00+00
DL0073,ACC0020,SR001,LS003,Lumora Opportunity 0073,Closed Won,Closed Won,6000.00,100.00,2025-11-22 09:00:00+00,2025-11-25 09:00:00+00,2025-11-27 09:00:00+00,2025-12-02 09:00:00+00,2026-01-02,2026-01-02 09:00:00+00,2025-12-29 09:00:00+00,,2025-11-22 15:00:00+00,2025-11-23 09:00:00+00,,2026-08-30 15:44:41.343854+00,2026-01-02 10:00:00+00
DL0074,ACC0048,SR002,LS004,Lumora Opportunity 0074,Closed Won,Closed Won,6000.00,100.00,2025-12-09 09:00:00+00,2025-12-12 09:00:00+00,2025-12-14 09:00:00+00,2025-12-19 09:00:00+00,2026-01-24,2026-01-24 09:00:00+00,2026-01-20 09:00:00+00,,2025-12-09 15:00:00+00,2025-12-10 09:00:00+00,,2026-08-30 15:44:41.343854+00,2026-01-24 10:00:00+00
DL0075,ACC0076,SR003,LS005,Lumora Opportunity 0075,Closed Won,Closed Won,6000.00,100.00,2025-12-26 09:00:00+00,2025-12-29 09:00:00+00,2025-12-31 09:00:00+00,2026-01-05 09:00:00+00,2026-02-15,2026-02-15 09:00:00+00,2026-02-11 09:00:00+00,,2025-12-26 15:00:00+00,2025-12-27 09:00:00+00,,2026-08-30 15:44:41.343854+00,2026-02-15 10:00:00+00
DL0076,ACC0104,SR004,LS006,Lumora Opportunity 0076,Closed Won,Closed Won,10000.00,100.00,2026-01-12 09:00:00+00,2026-01-15 09:00:00+00,2026-01-17 09:00:00+00,2026-01-22 09:00:00+00,2026-03-09,2026-03-09 09:00:00+00,2026-03-05 09:00:00+00,,2026-01-12 15:00:00+00,2026-01-13 09:00:00+00,,2026-08-30 15:44:41.343854+00,2026-03-09 10:00:00+00
DL0077,ACC0132,SR005,LS007,Lumora Opportunity 0077,Closed Won,Closed Won,10000.00,100.00,2026-01-29 09:00:00+00,2026-02-01 09:00:00+00,2026-02-03 09:00:00+00,2026-02-08 09:00:00+00,2026-03-31,2026-03-31 09:00:00+00,2026-03-27 09:00:00+00,,2026-01-29 15:00:00+00,2026-01-30 09:00:00+00,,2026-08-30 15:44:41.343854+00,2026-03-31 10:00:00+00
DL0078,ACC0010,SR006,LS001,Lumora Opportunity 0078,Closed Won,Closed Won,10000.00,100.00,2026-02-15 09:00:00+00,2026-02-18 09:00:00+00,2026-02-20 09:00:00+00,2026-02-25 09:00:00+00,2026-04-22,2026-04-22 09:00:00+00,2026-04-18 09:00:00+00,,2026-02-15 15:00:00+00,2026-02-16 09:00:00+00,,2026-08-30 15:44:41.343854+00,2026-04-22 10:00:00+00
DL0079,ACC0086,SR001,LS002,Lumora Opportunity 0079,Closed Won,Closed Won,6500.00,100.00,2025-11-27 09:00:00+00,2025-11-30 09:00:00+00,2025-12-02 09:00:00+00,2025-12-07 09:00:00+00,2026-01-14,2026-01-14 09:00:00+00,2026-01-09 09:00:00+00,,2025-11-27 15:00:00+00,2025-11-28 09:00:00+00,,2026-08-30 15:44:41.343854+00,2026-01-14 10:00:00+00
DL0080,ACC0114,SR002,LS003,Lumora Opportunity 0080,Closed Won,Closed Won,6500.00,100.00,2025-12-14 09:00:00+00,2025-12-17 09:00:00+00,2025-12-19 09:00:00+00,2025-12-24 09:00:00+00,2026-02-05,2026-02-05 09:00:00+00,2026-01-31 09:00:00+00,,2025-12-14 15:00:00+00,2025-12-15 09:00:00+00,,2026-08-30 15:44:41.343854+00,2026-02-05 10:00:00+00
DL0081,ACC0142,SR003,LS004,Lumora Opportunity 0081,Closed Won,Closed Won,6500.00,100.00,2025-12-31 09:00:00+00,2026-01-03 09:00:00+00,2026-01-05 09:00:00+00,2026-01-10 09:00:00+00,2026-02-27,2026-02-27 09:00:00+00,2026-02-22 09:00:00+00,,2025-12-31 15:00:00+00,2026-01-01 09:00:00+00,,2026-08-30 15:44:41.343854+00,2026-02-27 10:00:00+00
DL0082,ACC0020,SR004,LS005,Lumora Opportunity 0082,Closed Won,Closed Won,11000.00,100.00,2026-01-17 09:00:00+00,2026-01-20 09:00:00+00,2026-01-22 09:00:00+00,2026-01-27 09:00:00+00,2026-03-21,2026-03-21 09:00:00+00,2026-03-16 09:00:00+00,,2026-01-17 15:00:00+00,2026-01-18 09:00:00+00,,2026-08-30 15:44:41.343854+00,2026-03-21 10:00:00+00
DL0083,ACC0048,SR005,LS006,Lumora Opportunity 0083,Closed Won,Closed Won,11000.00,100.00,2026-02-03 09:00:00+00,2026-02-06 09:00:00+00,2026-02-08 09:00:00+00,2026-02-13 09:00:00+00,2026-04-12,2026-04-12 09:00:00+00,2026-04-07 09:00:00+00,,2026-02-03 15:00:00+00,2026-02-04 09:00:00+00,,2026-08-30 15:44:41.343854+00,2026-04-12 10:00:00+00
DL0084,ACC0026,SR006,LS007,Lumora Opportunity 0084,Closed Won,Closed Won,11000.00,100.00,2026-02-20 09:00:00+00,2026-02-23 09:00:00+00,2026-02-25 09:00:00+00,2026-03-02 09:00:00+00,2026-05-04,2026-05-04 09:00:00+00,2026-04-29 09:00:00+00,,2026-02-20 15:00:00+00,2026-02-21 09:00:00+00,,2026-08-30 15:44:41.343854+00,2026-05-04 10:00:00+00
DL0085,ACC0002,SR001,LS001,Lumora Opportunity 0085,Closed Won,Closed Won,7000.00,100.00,2025-12-02 09:00:00+00,2025-12-05 09:00:00+00,2025-12-07 09:00:00+00,2025-12-12 09:00:00+00,2026-01-26,2026-01-26 09:00:00+00,2026-01-25 09:00:00+00,,2025-12-02 15:00:00+00,2025-12-03 09:00:00+00,,2026-08-30 15:44:41.343854+00,2026-01-26 10:00:00+00
DL0086,ACC0030,SR002,LS002,Lumora Opportunity 0086,Closed Won,Closed Won,7000.00,100.00,2025-12-19 09:00:00+00,2025-12-22 09:00:00+00,2025-12-24 09:00:00+00,2025-12-29 09:00:00+00,2026-02-17,2026-02-17 09:00:00+00,2026-02-16 09:00:00+00,,2025-12-19 15:00:00+00,2025-12-20 09:00:00+00,,2026-08-30 15:44:41.343854+00,2026-02-17 10:00:00+00
DL0087,ACC0008,SR003,LS003,Lumora Opportunity 0087,Closed Won,Closed Won,7000.00,100.00,2026-01-05 09:00:00+00,2026-01-08 09:00:00+00,2026-01-10 09:00:00+00,2026-01-15 09:00:00+00,2026-03-11,2026-03-11 09:00:00+00,2026-03-10 09:00:00+00,,2026-01-05 15:00:00+00,2026-01-06 09:00:00+00,,2026-08-30 15:44:41.343854+00,2026-03-11 10:00:00+00
DL0088,ACC0036,SR004,LS004,Lumora Opportunity 0088,Closed Won,Closed Won,22000.00,100.00,2026-01-22 09:00:00+00,2026-01-25 09:00:00+00,2026-01-27 09:00:00+00,2026-02-01 09:00:00+00,2026-04-02,2026-04-02 09:00:00+00,2026-04-01 09:00:00+00,,2026-01-22 15:00:00+00,2026-01-23 09:00:00+00,,2026-08-30 15:44:41.343854+00,2026-04-02 10:00:00+00
DL0089,ACC0064,SR005,LS005,Lumora Opportunity 0089,Closed Won,Closed Won,22000.00,100.00,2026-02-08 09:00:00+00,2026-02-11 09:00:00+00,2026-02-13 09:00:00+00,2026-02-18 09:00:00+00,2026-04-24,2026-04-24 09:00:00+00,2026-04-23 09:00:00+00,,2026-02-08 15:00:00+00,2026-02-09 09:00:00+00,,2026-08-30 15:44:41.343854+00,2026-04-24 10:00:00+00
DL0090,ACC0092,SR006,LS006,Lumora Opportunity 0090,Closed Won,Closed Won,22000.00,100.00,2026-02-25 09:00:00+00,2026-02-28 09:00:00+00,2026-03-02 09:00:00+00,2026-03-07 09:00:00+00,2026-05-16,2026-05-16 09:00:00+00,2026-05-15 09:00:00+00,,2026-02-25 15:00:00+00,2026-02-26 09:00:00+00,,2026-08-30 15:44:41.343854+00,2026-05-16 10:00:00+00
DL0091,ACC0018,SR001,LS007,Lumora Opportunity 0091,Closed Won,Closed Won,13000.00,100.00,2025-12-07 09:00:00+00,2025-12-10 09:00:00+00,2025-12-12 09:00:00+00,2025-12-17 09:00:00+00,2026-02-07,2026-02-07 09:00:00+00,2026-02-05 09:00:00+00,,2025-12-08 17:00:00+00,2025-12-08 09:00:00+00,,2026-08-30 15:44:41.343854+00,2026-02-07 10:00:00+00
DL0092,ACC0046,SR002,LS001,Lumora Opportunity 0092,Closed Won,Closed Won,13000.00,100.00,2025-12-24 09:00:00+00,2025-12-27 09:00:00+00,2025-12-29 09:00:00+00,2026-01-03 09:00:00+00,2026-03-01,2026-03-01 09:00:00+00,2026-02-27 09:00:00+00,,2025-12-25 17:00:00+00,2025-12-25 09:00:00+00,,2026-08-30 15:44:41.343854+00,2026-03-01 10:00:00+00
DL0093,ACC0074,SR003,LS002,Lumora Opportunity 0093,Closed Won,Closed Won,13000.00,100.00,2026-01-10 09:00:00+00,2026-01-13 09:00:00+00,2026-01-15 09:00:00+00,2026-01-20 09:00:00+00,2026-03-23,2026-03-23 09:00:00+00,2026-03-21 09:00:00+00,,2026-01-11 17:00:00+00,2026-01-11 09:00:00+00,,2026-08-30 15:44:41.343854+00,2026-03-23 10:00:00+00
DL0094,ACC0102,SR004,LS003,Lumora Opportunity 0094,Closed Won,Closed Won,13000.00,100.00,2026-01-27 09:00:00+00,2026-01-30 09:00:00+00,2026-02-01 09:00:00+00,2026-02-06 09:00:00+00,2026-04-14,2026-04-14 09:00:00+00,2026-04-12 09:00:00+00,,2026-01-28 17:00:00+00,2026-01-28 09:00:00+00,,2026-08-30 15:44:41.343854+00,2026-04-14 10:00:00+00
DL0095,ACC0130,SR005,LS004,Lumora Opportunity 0095,Closed Won,Closed Won,13000.00,100.00,2026-02-13 09:00:00+00,2026-02-16 09:00:00+00,2026-02-18 09:00:00+00,2026-02-23 09:00:00+00,2026-05-06,2026-05-06 09:00:00+00,2026-05-04 09:00:00+00,,2026-02-14 17:00:00+00,2026-02-14 09:00:00+00,,2026-08-30 15:44:41.343854+00,2026-05-06 10:00:00+00
DL0096,ACC0008,SR006,LS005,Lumora Opportunity 0096,Closed Won,Closed Won,13000.00,100.00,2026-03-02 09:00:00+00,2026-03-05 09:00:00+00,2026-03-07 09:00:00+00,2026-03-12 09:00:00+00,2026-03-19,2026-03-19 09:00:00+00,2026-03-17 09:00:00+00,,2026-03-03 17:00:00+00,2026-03-03 09:00:00+00,,2026-08-30 15:44:41.343854+00,2026-03-19 10:00:00+00
DL0097,ACC0084,SR001,LS006,Lumora Opportunity 0097,Closed Won,Closed Won,8000.00,100.00,2025-12-12 09:00:00+00,2025-12-15 09:00:00+00,2025-12-17 09:00:00+00,2025-12-22 09:00:00+00,2026-02-19,2026-02-19 09:00:00+00,2026-02-16 09:00:00+00,,2025-12-12 15:00:00+00,2025-12-13 09:00:00+00,,2026-08-30 15:44:41.343854+00,2026-02-19 10:00:00+00
DL0098,ACC0112,SR002,LS007,Lumora Opportunity 0098,Closed Won,Closed Won,8000.00,100.00,2025-12-29 09:00:00+00,2026-01-01 09:00:00+00,2026-01-03 09:00:00+00,2026-01-08 09:00:00+00,2026-03-13,2026-03-13 09:00:00+00,2026-03-10 09:00:00+00,,2025-12-29 15:00:00+00,2025-12-30 09:00:00+00,,2026-08-30 15:44:41.343854+00,2026-03-13 10:00:00+00
DL0099,ACC0140,SR003,LS001,Lumora Opportunity 0099,Closed Won,Closed Won,8000.00,100.00,2026-01-15 09:00:00+00,2026-01-18 09:00:00+00,2026-01-20 09:00:00+00,2026-01-25 09:00:00+00,2026-04-04,2026-04-04 09:00:00+00,2026-04-01 09:00:00+00,,2026-01-15 15:00:00+00,2026-01-16 09:00:00+00,,2026-08-30 15:44:41.343854+00,2026-04-04 10:00:00+00
DL0100,ACC0018,SR004,LS002,Lumora Opportunity 0100,Closed Won,Closed Won,14000.00,100.00,2026-02-01 09:00:00+00,2026-02-04 09:00:00+00,2026-02-06 09:00:00+00,2026-02-11 09:00:00+00,2026-04-26,2026-04-26 09:00:00+00,2026-04-23 09:00:00+00,,2026-02-01 15:00:00+00,2026-02-02 09:00:00+00,,2026-08-30 15:44:41.343854+00,2026-04-26 10:00:00+00
DL0101,ACC0046,SR005,LS003,Lumora Opportunity 0101,Closed Won,Closed Won,14000.00,100.00,2026-02-18 09:00:00+00,2026-02-21 09:00:00+00,2026-02-23 09:00:00+00,2026-02-28 09:00:00+00,2026-03-09,2026-03-09 09:00:00+00,2026-03-06 09:00:00+00,,2026-02-18 15:00:00+00,2026-02-19 09:00:00+00,,2026-08-30 15:44:41.343854+00,2026-03-09 10:00:00+00
DL0102,ACC0074,SR006,LS004,Lumora Opportunity 0102,Closed Won,Closed Won,14000.00,100.00,2026-03-07 09:00:00+00,2026-03-10 09:00:00+00,2026-03-12 09:00:00+00,2026-03-17 09:00:00+00,2026-03-31,2026-03-31 09:00:00+00,2026-03-28 09:00:00+00,,2026-03-07 15:00:00+00,2026-03-08 09:00:00+00,,2026-08-30 15:44:41.343854+00,2026-03-31 10:00:00+00
DL0103,ACC0150,SR001,LS005,Lumora Opportunity 0103,Closed Won,Closed Won,8500.00,100.00,2025-12-17 09:00:00+00,2025-12-20 09:00:00+00,2025-12-22 09:00:00+00,2025-12-27 09:00:00+00,2026-03-03,2026-03-03 09:00:00+00,2026-02-27 09:00:00+00,,2025-12-17 15:00:00+00,2025-12-18 09:00:00+00,,2026-08-30 15:44:41.343854+00,2026-03-03 10:00:00+00
DL0104,ACC0028,SR002,LS006,Lumora Opportunity 0104,Closed Won,Closed Won,8500.00,100.00,2026-01-03 09:00:00+00,2026-01-06 09:00:00+00,2026-01-08 09:00:00+00,2026-01-13 09:00:00+00,2026-03-25,2026-03-25 09:00:00+00,2026-03-21 09:00:00+00,,2026-01-03 15:00:00+00,2026-01-04 09:00:00+00,,2026-08-30 15:44:41.343854+00,2026-03-25 10:00:00+00
DL0105,ACC0056,SR003,LS007,Lumora Opportunity 0105,Closed Won,Closed Won,8500.00,100.00,2026-01-20 09:00:00+00,2026-01-23 09:00:00+00,2026-01-25 09:00:00+00,2026-01-30 09:00:00+00,2026-02-05,2026-02-05 09:00:00+00,2026-02-01 09:00:00+00,,2026-01-20 15:00:00+00,2026-01-21 09:00:00+00,,2026-08-30 15:44:41.343854+00,2026-02-05 10:00:00+00
DL0106,ACC0084,SR004,LS001,Lumora Opportunity 0106,Closed Won,Closed Won,26500.00,100.00,2026-02-06 09:00:00+00,2026-02-09 09:00:00+00,2026-02-11 09:00:00+00,2026-02-16 09:00:00+00,2026-02-27,2026-02-27 09:00:00+00,2026-02-23 09:00:00+00,,2026-02-06 15:00:00+00,2026-02-07 09:00:00+00,,2026-08-30 15:44:41.343854+00,2026-02-27 10:00:00+00
DL0107,ACC0112,SR005,LS002,Lumora Opportunity 0107,Closed Won,Closed Won,26500.00,100.00,2026-02-23 09:00:00+00,2026-02-26 09:00:00+00,2026-02-28 09:00:00+00,2026-03-05 09:00:00+00,2026-03-21,2026-03-21 09:00:00+00,2026-03-17 09:00:00+00,,2026-02-23 15:00:00+00,2026-02-24 09:00:00+00,,2026-08-30 15:44:41.343854+00,2026-03-21 10:00:00+00
DL0108,ACC0140,SR006,LS003,Lumora Opportunity 0108,Closed Won,Closed Won,26500.00,100.00,2026-03-12 09:00:00+00,2026-03-15 09:00:00+00,2026-03-17 09:00:00+00,2026-03-22 09:00:00+00,2026-04-12,2026-04-12 09:00:00+00,2026-04-08 09:00:00+00,,2026-03-12 15:00:00+00,2026-03-13 09:00:00+00,,2026-08-30 15:44:41.343854+00,2026-04-12 10:00:00+00
DL0109,ACC0066,SR001,LS004,Lumora Opportunity 0109,Closed Won,Closed Won,9000.00,100.00,2025-12-22 09:00:00+00,2025-12-25 09:00:00+00,2025-12-27 09:00:00+00,2026-01-01 09:00:00+00,2026-03-15,2026-03-15 09:00:00+00,2026-03-10 09:00:00+00,,2025-12-22 15:00:00+00,2025-12-23 09:00:00+00,,2026-08-30 15:44:41.343854+00,2026-03-15 10:00:00+00
DL0110,ACC0094,SR002,LS005,Lumora Opportunity 0110,Closed Won,Closed Won,9000.00,100.00,2026-01-08 09:00:00+00,2026-01-11 09:00:00+00,2026-01-13 09:00:00+00,2026-01-18 09:00:00+00,2026-01-26,2026-01-26 09:00:00+00,2026-01-21 09:00:00+00,,2026-01-08 15:00:00+00,2026-01-09 09:00:00+00,,2026-08-30 15:44:41.343854+00,2026-01-26 10:00:00+00
DL0111,ACC0122,SR003,LS006,Lumora Opportunity 0111,Closed Won,Closed Won,9000.00,100.00,2026-01-25 09:00:00+00,2026-01-28 09:00:00+00,2026-01-30 09:00:00+00,2026-02-04 09:00:00+00,2026-02-17,2026-02-17 09:00:00+00,2026-02-12 09:00:00+00,,2026-01-25 15:00:00+00,2026-01-26 09:00:00+00,,2026-08-30 15:44:41.343854+00,2026-02-17 10:00:00+00
DL0112,ACC0150,SR004,LS007,Lumora Opportunity 0112,Closed Won,Closed Won,16000.00,100.00,2026-02-11 09:00:00+00,2026-02-14 09:00:00+00,2026-02-16 09:00:00+00,2026-02-21 09:00:00+00,2026-03-11,2026-03-11 09:00:00+00,2026-03-06 09:00:00+00,,2026-02-11 15:00:00+00,2026-02-12 09:00:00+00,,2026-08-30 15:44:41.343854+00,2026-03-11 10:00:00+00
DL0113,ACC0028,SR005,LS001,Lumora Opportunity 0113,Closed Won,Closed Won,16000.00,100.00,2026-02-28 09:00:00+00,2026-03-03 09:00:00+00,2026-03-05 09:00:00+00,2026-03-10 09:00:00+00,2026-04-02,2026-04-02 09:00:00+00,2026-03-28 09:00:00+00,,2026-02-28 15:00:00+00,2026-03-01 09:00:00+00,,2026-08-30 15:44:41.343854+00,2026-04-02 10:00:00+00
DL0114,ACC0056,SR006,LS002,Lumora Opportunity 0114,Closed Won,Closed Won,16000.00,100.00,2026-03-17 09:00:00+00,2026-03-20 09:00:00+00,2026-03-22 09:00:00+00,2026-03-27 09:00:00+00,2026-04-24,2026-04-24 09:00:00+00,2026-04-19 09:00:00+00,,2026-03-17 15:00:00+00,2026-03-18 09:00:00+00,,2026-08-30 15:44:41.343854+00,2026-04-24 10:00:00+00
DL0115,ACC0132,SR001,LS003,Lumora Opportunity 0115,Closed Won,Closed Won,17000.00,100.00,2025-12-27 09:00:00+00,2025-12-30 09:00:00+00,2026-01-01 09:00:00+00,2026-01-06 09:00:00+00,2026-01-16,2026-01-16 09:00:00+00,2026-01-15 09:00:00+00,,2025-12-27 15:00:00+00,2025-12-28 09:00:00+00,,2026-08-30 15:44:41.343854+00,2026-01-16 10:00:00+00
DL0116,ACC0010,SR002,LS004,Lumora Opportunity 0116,Closed Won,Closed Won,17000.00,100.00,2026-01-13 09:00:00+00,2026-01-16 09:00:00+00,2026-01-18 09:00:00+00,2026-01-23 09:00:00+00,2026-02-07,2026-02-07 09:00:00+00,2026-02-06 09:00:00+00,,2026-01-13 15:00:00+00,2026-01-14 09:00:00+00,,2026-08-30 15:44:41.343854+00,2026-02-07 10:00:00+00
DL0117,ACC0038,SR003,LS005,Lumora Opportunity 0117,Closed Won,Closed Won,17000.00,100.00,2026-01-30 09:00:00+00,2026-02-02 09:00:00+00,2026-02-04 09:00:00+00,2026-02-09 09:00:00+00,2026-03-01,2026-03-01 09:00:00+00,2026-02-28 09:00:00+00,,2026-01-30 15:00:00+00,2026-01-31 09:00:00+00,,2026-08-30 15:44:41.343854+00,2026-03-01 10:00:00+00
DL0118,ACC0066,SR004,LS006,Lumora Opportunity 0118,Closed Won,Closed Won,17000.00,100.00,2026-02-16 09:00:00+00,2026-02-19 09:00:00+00,2026-02-21 09:00:00+00,2026-02-26 09:00:00+00,2026-03-23,2026-03-23 09:00:00+00,2026-03-22 09:00:00+00,,2026-02-16 15:00:00+00,2026-02-17 09:00:00+00,,2026-08-30 15:44:41.343854+00,2026-03-23 10:00:00+00
DL0119,ACC0094,SR005,LS007,Lumora Opportunity 0119,Closed Won,Closed Won,17000.00,100.00,2026-03-05 09:00:00+00,2026-03-08 09:00:00+00,2026-03-10 09:00:00+00,2026-03-15 09:00:00+00,2026-04-14,2026-04-14 09:00:00+00,2026-04-13 09:00:00+00,,2026-03-05 15:00:00+00,2026-03-06 09:00:00+00,,2026-08-30 15:44:41.343854+00,2026-04-14 10:00:00+00
DL0120,ACC0122,SR006,LS001,Lumora Opportunity 0120,Closed Won,Closed Won,17000.00,100.00,2026-03-22 09:00:00+00,2026-03-25 09:00:00+00,2026-03-27 09:00:00+00,2026-04-01 09:00:00+00,2026-05-06,2026-05-06 09:00:00+00,2026-05-05 09:00:00+00,,2026-03-22 15:00:00+00,2026-03-23 09:00:00+00,,2026-08-30 15:44:41.343854+00,2026-05-06 10:00:00+00
DL0121,ACC0048,SR001,LS002,Lumora Opportunity 0121,Closed Won,Closed Won,5000.00,100.00,2026-01-01 09:00:00+00,2026-01-04 09:00:00+00,2026-01-06 09:00:00+00,2026-01-11 09:00:00+00,2026-01-28,2026-01-28 09:00:00+00,2026-01-26 09:00:00+00,,2026-01-01 15:00:00+00,2026-01-02 09:00:00+00,,2026-08-30 15:44:41.343854+00,2026-01-28 10:00:00+00
DL0122,ACC0076,SR002,LS003,Lumora Opportunity 0122,Closed Won,Closed Won,5000.00,100.00,2026-01-18 09:00:00+00,2026-01-21 09:00:00+00,2026-01-23 09:00:00+00,2026-01-28 09:00:00+00,2026-02-19,2026-02-19 09:00:00+00,2026-02-17 09:00:00+00,,2026-01-18 15:00:00+00,2026-01-19 09:00:00+00,,2026-08-30 15:44:41.343854+00,2026-02-19 10:00:00+00
DL0123,ACC0104,SR003,LS004,Lumora Opportunity 0123,Closed Won,Closed Won,5000.00,100.00,2026-02-04 09:00:00+00,2026-02-07 09:00:00+00,2026-02-09 09:00:00+00,2026-02-14 09:00:00+00,2026-03-13,2026-03-13 09:00:00+00,2026-03-11 09:00:00+00,,2026-02-04 15:00:00+00,2026-02-05 09:00:00+00,,2026-08-30 15:44:41.343854+00,2026-03-13 10:00:00+00
DL0124,ACC0132,SR004,LS005,Lumora Opportunity 0124,Closed Won,Closed Won,31000.00,100.00,2026-02-21 09:00:00+00,2026-02-24 09:00:00+00,2026-02-26 09:00:00+00,2026-03-03 09:00:00+00,2026-04-04,2026-04-04 09:00:00+00,2026-04-02 09:00:00+00,,2026-02-21 15:00:00+00,2026-02-22 09:00:00+00,,2026-08-30 15:44:41.343854+00,2026-04-04 10:00:00+00
DL0125,ACC0010,SR005,LS006,Lumora Opportunity 0125,Closed Won,Closed Won,31000.00,100.00,2026-03-10 09:00:00+00,2026-03-13 09:00:00+00,2026-03-15 09:00:00+00,2026-03-20 09:00:00+00,2026-04-26,2026-04-26 09:00:00+00,2026-04-24 09:00:00+00,,2026-03-10 15:00:00+00,2026-03-11 09:00:00+00,,2026-08-30 15:44:41.343854+00,2026-04-26 10:00:00+00
DL0126,ACC0038,SR006,LS007,Lumora Opportunity 0126,Closed Won,Closed Won,31000.00,100.00,2026-03-27 09:00:00+00,2026-03-30 09:00:00+00,2026-04-01 09:00:00+00,2026-04-06 09:00:00+00,2026-05-18,2026-05-18 09:00:00+00,2026-05-16 09:00:00+00,,2026-03-27 15:00:00+00,2026-03-28 09:00:00+00,,2026-08-30 15:44:41.343854+00,2026-05-18 10:00:00+00
DL0127,ACC0114,SR001,LS001,Lumora Opportunity 0127,Closed Won,Closed Won,5500.00,100.00,2026-01-06 09:00:00+00,2026-01-09 09:00:00+00,2026-01-11 09:00:00+00,2026-01-16 09:00:00+00,2026-02-09,2026-02-09 09:00:00+00,2026-02-06 09:00:00+00,,2026-01-06 15:00:00+00,2026-01-07 09:00:00+00,,2026-08-30 15:44:41.343854+00,2026-02-09 10:00:00+00
DL0128,ACC0142,SR002,LS002,Lumora Opportunity 0128,Closed Won,Closed Won,5500.00,100.00,2026-01-23 09:00:00+00,2026-01-26 09:00:00+00,2026-01-28 09:00:00+00,2026-02-02 09:00:00+00,2026-03-03,2026-03-03 09:00:00+00,2026-02-28 09:00:00+00,,2026-01-23 15:00:00+00,2026-01-24 09:00:00+00,,2026-08-30 15:44:41.343854+00,2026-03-03 10:00:00+00
DL0129,ACC0020,SR003,LS003,Lumora Opportunity 0129,Closed Won,Closed Won,5500.00,100.00,2026-02-09 09:00:00+00,2026-02-12 09:00:00+00,2026-02-14 09:00:00+00,2026-02-19 09:00:00+00,2026-03-25,2026-03-25 09:00:00+00,2026-03-22 09:00:00+00,,2026-02-09 15:00:00+00,2026-02-10 09:00:00+00,,2026-08-30 15:44:41.343854+00,2026-03-25 10:00:00+00
DL0130,ACC0048,SR004,LS004,Lumora Opportunity 0130,Closed Won,Closed Won,19000.00,100.00,2026-02-26 09:00:00+00,2026-03-01 09:00:00+00,2026-03-03 09:00:00+00,2026-03-08 09:00:00+00,2026-04-16,2026-04-16 09:00:00+00,2026-04-13 09:00:00+00,,2026-02-26 15:00:00+00,2026-02-27 09:00:00+00,,2026-08-30 15:44:41.343854+00,2026-04-16 10:00:00+00
DL0131,ACC0026,SR005,LS005,Lumora Opportunity 0131,Closed Won,Closed Won,19000.00,100.00,2026-03-15 09:00:00+00,2026-03-18 09:00:00+00,2026-03-20 09:00:00+00,2026-03-25 09:00:00+00,2026-05-08,2026-05-08 09:00:00+00,2026-05-05 09:00:00+00,,2026-03-15 15:00:00+00,2026-03-16 09:00:00+00,,2026-08-30 15:44:41.343854+00,2026-05-08 10:00:00+00
DL0132,ACC0054,SR006,LS006,Lumora Opportunity 0132,Closed Won,Closed Won,19000.00,100.00,2026-04-01 09:00:00+00,2026-04-04 09:00:00+00,2026-04-06 09:00:00+00,2026-04-11 09:00:00+00,2026-05-30,2026-05-30 09:00:00+00,2026-05-27 09:00:00+00,,2026-04-01 15:00:00+00,2026-04-02 09:00:00+00,,2026-08-30 15:44:41.343854+00,2026-05-30 10:00:00+00
DL0133,ACC0030,SR001,LS007,Lumora Opportunity 0133,Closed Won,Closed Won,6000.00,100.00,2026-01-11 09:00:00+00,2026-01-14 09:00:00+00,2026-01-16 09:00:00+00,2026-01-21 09:00:00+00,2026-02-21,2026-02-21 09:00:00+00,2026-02-17 09:00:00+00,,2026-01-11 15:00:00+00,2026-01-12 09:00:00+00,,2026-08-30 15:44:41.343854+00,2026-02-21 10:00:00+00
DL0134,ACC0008,SR002,LS001,Lumora Opportunity 0134,Closed Won,Closed Won,6000.00,100.00,2026-01-28 09:00:00+00,2026-01-31 09:00:00+00,2026-02-02 09:00:00+00,2026-02-07 09:00:00+00,2026-03-15,2026-03-15 09:00:00+00,2026-03-11 09:00:00+00,,2026-01-28 15:00:00+00,2026-01-29 09:00:00+00,,2026-08-30 15:44:41.343854+00,2026-03-15 10:00:00+00
DL0135,ACC0036,SR003,LS002,Lumora Opportunity 0135,Closed Won,Closed Won,6000.00,100.00,2026-02-14 09:00:00+00,2026-02-17 09:00:00+00,2026-02-19 09:00:00+00,2026-02-24 09:00:00+00,2026-04-06,2026-04-06 09:00:00+00,2026-04-02 09:00:00+00,,2026-02-14 15:00:00+00,2026-02-15 09:00:00+00,,2026-08-30 15:44:41.343854+00,2026-04-06 10:00:00+00
DL0136,ACC0064,SR004,LS003,Lumora Opportunity 0136,Closed Won,Closed Won,20000.00,100.00,2026-03-03 09:00:00+00,2026-03-06 09:00:00+00,2026-03-08 09:00:00+00,2026-03-13 09:00:00+00,2026-04-28,2026-04-28 09:00:00+00,2026-04-24 09:00:00+00,,2026-03-03 15:00:00+00,2026-03-04 09:00:00+00,,2026-08-30 15:44:41.343854+00,2026-04-28 10:00:00+00
DL0137,ACC0092,SR005,LS004,Lumora Opportunity 0137,Closed Won,Closed Won,20000.00,100.00,2026-03-20 09:00:00+00,2026-03-23 09:00:00+00,2026-03-25 09:00:00+00,2026-03-30 09:00:00+00,2026-05-20,2026-05-20 09:00:00+00,2026-05-16 09:00:00+00,,2026-03-20 15:00:00+00,2026-03-21 09:00:00+00,,2026-08-30 15:44:41.343854+00,2026-05-20 10:00:00+00
DL0138,ACC0120,SR006,LS005,Lumora Opportunity 0138,Closed Won,Closed Won,20000.00,100.00,2026-04-06 09:00:00+00,2026-04-09 09:00:00+00,2026-04-11 09:00:00+00,2026-04-16 09:00:00+00,2026-06-11,2026-06-11 09:00:00+00,2026-06-07 09:00:00+00,,2026-04-06 15:00:00+00,2026-04-07 09:00:00+00,,2026-08-30 15:44:41.343854+00,2026-06-11 10:00:00+00
DL0139,ACC0046,SR001,LS006,Lumora Opportunity 0139,Closed Won,Closed Won,21000.00,100.00,2026-01-16 09:00:00+00,2026-01-19 09:00:00+00,2026-01-21 09:00:00+00,2026-01-26 09:00:00+00,2026-03-05,2026-03-05 09:00:00+00,2026-02-28 09:00:00+00,,2026-01-17 17:00:00+00,2026-01-17 09:00:00+00,,2026-08-30 15:44:41.343854+00,2026-03-05 10:00:00+00
DL0140,ACC0074,SR002,LS007,Lumora Opportunity 0140,Closed Won,Closed Won,21000.00,100.00,2026-02-02 09:00:00+00,2026-02-05 09:00:00+00,2026-02-07 09:00:00+00,2026-02-12 09:00:00+00,2026-03-27,2026-03-27 09:00:00+00,2026-03-22 09:00:00+00,,2026-02-03 17:00:00+00,2026-02-03 09:00:00+00,,2026-08-30 15:44:41.343854+00,2026-03-27 10:00:00+00
DL0141,ACC0102,SR003,LS001,Lumora Opportunity 0141,Closed Won,Closed Won,21000.00,100.00,2026-02-19 09:00:00+00,2026-02-22 09:00:00+00,2026-02-24 09:00:00+00,2026-03-01 09:00:00+00,2026-04-18,2026-04-18 09:00:00+00,2026-04-13 09:00:00+00,,2026-02-20 17:00:00+00,2026-02-20 09:00:00+00,,2026-08-30 15:44:41.343854+00,2026-04-18 10:00:00+00
DL0142,ACC0130,SR004,LS002,Lumora Opportunity 0142,Closed Won,Closed Won,35500.00,100.00,2026-03-08 09:00:00+00,2026-03-11 09:00:00+00,2026-03-13 09:00:00+00,2026-03-18 09:00:00+00,2026-05-10,2026-05-10 09:00:00+00,2026-05-05 09:00:00+00,,2026-03-09 17:00:00+00,2026-03-09 09:00:00+00,,2026-08-30 15:44:41.343854+00,2026-05-10 10:00:00+00
DL0143,ACC0008,SR005,LS003,Lumora Opportunity 0143,Closed Won,Closed Won,35500.00,100.00,2026-03-25 09:00:00+00,2026-03-28 09:00:00+00,2026-03-30 09:00:00+00,2026-04-04 09:00:00+00,2026-06-01,2026-06-01 09:00:00+00,2026-05-27 09:00:00+00,,2026-03-26 17:00:00+00,2026-03-26 09:00:00+00,,2026-08-30 15:44:41.343854+00,2026-06-01 10:00:00+00
DL0144,ACC0036,SR006,LS004,Lumora Opportunity 0144,Closed Won,Closed Won,35500.00,100.00,2026-04-11 09:00:00+00,2026-04-14 09:00:00+00,2026-04-16 09:00:00+00,2026-04-21 09:00:00+00,2026-06-23,2026-06-23 09:00:00+00,2026-06-18 09:00:00+00,,2026-04-12 17:00:00+00,2026-04-12 09:00:00+00,,2026-08-30 15:44:41.343854+00,2026-06-23 10:00:00+00
DL0145,ACC0112,SR001,LS005,Lumora Opportunity 0145,Closed Won,Closed Won,7000.00,100.00,2026-01-21 09:00:00+00,2026-01-24 09:00:00+00,2026-01-26 09:00:00+00,2026-01-31 09:00:00+00,2026-03-17,2026-03-17 09:00:00+00,2026-03-16 09:00:00+00,,2026-01-21 15:00:00+00,2026-01-22 09:00:00+00,,2026-08-30 15:44:41.343854+00,2026-03-17 10:00:00+00
DL0146,ACC0140,SR002,LS006,Lumora Opportunity 0146,Closed Won,Closed Won,7000.00,100.00,2026-02-07 09:00:00+00,2026-02-10 09:00:00+00,2026-02-12 09:00:00+00,2026-02-17 09:00:00+00,2026-04-08,2026-04-08 09:00:00+00,2026-04-07 09:00:00+00,,2026-02-07 15:00:00+00,2026-02-08 09:00:00+00,,2026-08-30 15:44:41.343854+00,2026-04-08 10:00:00+00
DL0147,ACC0018,SR003,LS007,Lumora Opportunity 0147,Closed Won,Closed Won,7000.00,100.00,2026-02-24 09:00:00+00,2026-02-27 09:00:00+00,2026-03-01 09:00:00+00,2026-03-06 09:00:00+00,2026-04-30,2026-04-30 09:00:00+00,2026-04-29 09:00:00+00,,2026-02-24 15:00:00+00,2026-02-25 09:00:00+00,,2026-08-30 15:44:41.343854+00,2026-04-30 10:00:00+00
DL0148,ACC0046,SR004,LS001,Lumora Opportunity 0148,Closed Won,Closed Won,22000.00,100.00,2026-03-13 09:00:00+00,2026-03-16 09:00:00+00,2026-03-18 09:00:00+00,2026-03-23 09:00:00+00,2026-05-22,2026-05-22 09:00:00+00,2026-05-21 09:00:00+00,,2026-03-13 15:00:00+00,2026-03-14 09:00:00+00,,2026-08-30 15:44:41.343854+00,2026-05-22 10:00:00+00
DL0149,ACC0074,SR005,LS002,Lumora Opportunity 0149,Closed Won,Closed Won,22000.00,100.00,2026-03-30 09:00:00+00,2026-04-02 09:00:00+00,2026-04-04 09:00:00+00,2026-04-09 09:00:00+00,2026-06-13,2026-06-13 09:00:00+00,2026-06-12 09:00:00+00,,2026-03-30 15:00:00+00,2026-03-31 09:00:00+00,,2026-08-30 15:44:41.343854+00,2026-06-13 10:00:00+00
DL0150,ACC0102,SR006,LS003,Lumora Opportunity 0150,Closed Won,Closed Won,22000.00,100.00,2026-04-16 09:00:00+00,2026-04-19 09:00:00+00,2026-04-21 09:00:00+00,2026-04-26 09:00:00+00,2026-07-05,2026-07-05 09:00:00+00,2026-07-04 09:00:00+00,,2026-04-16 15:00:00+00,2026-04-17 09:00:00+00,,2026-08-30 15:44:41.343854+00,2026-07-05 10:00:00+00
DL0151,ACC0028,SR001,LS004,Lumora Opportunity 0151,Closed Won,Closed Won,7500.00,100.00,2026-01-26 09:00:00+00,2026-01-29 09:00:00+00,2026-01-31 09:00:00+00,2026-02-05 09:00:00+00,2026-03-29,2026-03-29 09:00:00+00,2026-03-27 09:00:00+00,,2026-01-26 15:00:00+00,2026-01-27 09:00:00+00,,2026-08-30 15:44:41.343854+00,2026-03-29 10:00:00+00
DL0152,ACC0056,SR002,LS005,Lumora Opportunity 0152,Closed Won,Closed Won,7500.00,100.00,2026-02-12 09:00:00+00,2026-02-15 09:00:00+00,2026-02-17 09:00:00+00,2026-02-22 09:00:00+00,2026-04-20,2026-04-20 09:00:00+00,2026-04-18 09:00:00+00,,2026-02-12 15:00:00+00,2026-02-13 09:00:00+00,,2026-08-30 15:44:41.343854+00,2026-04-20 10:00:00+00
DL0153,ACC0084,SR003,LS006,Lumora Opportunity 0153,Closed Won,Closed Won,7500.00,100.00,2026-03-01 09:00:00+00,2026-03-04 09:00:00+00,2026-03-06 09:00:00+00,2026-03-11 09:00:00+00,2026-05-12,2026-05-12 09:00:00+00,2026-05-10 09:00:00+00,,2026-03-01 15:00:00+00,2026-03-02 09:00:00+00,,2026-08-30 15:44:41.343854+00,2026-05-12 10:00:00+00
DL0154,ACC0112,SR004,LS007,Lumora Opportunity 0154,Closed Won,Closed Won,10000.00,100.00,2026-03-18 09:00:00+00,2026-03-21 09:00:00+00,2026-03-23 09:00:00+00,2026-03-28 09:00:00+00,2026-06-03,2026-06-03 09:00:00+00,2026-06-01 09:00:00+00,,2026-03-18 15:00:00+00,2026-03-19 09:00:00+00,,2026-08-30 15:44:41.343854+00,2026-06-03 10:00:00+00
DL0155,ACC0140,SR005,LS001,Lumora Opportunity 0155,Closed Won,Closed Won,10000.00,100.00,2026-04-04 09:00:00+00,2026-04-07 09:00:00+00,2026-04-09 09:00:00+00,2026-04-14 09:00:00+00,2026-06-25,2026-06-25 09:00:00+00,2026-06-23 09:00:00+00,,2026-04-04 15:00:00+00,2026-04-05 09:00:00+00,,2026-08-30 15:44:41.343854+00,2026-06-25 10:00:00+00
DL0156,ACC0018,SR006,LS002,Lumora Opportunity 0156,Closed Lost,Closed Lost,10000.00,0.00,2026-04-21 09:00:00+00,2026-04-24 09:00:00+00,2026-04-26 09:00:00+00,2026-05-01 09:00:00+00,2026-05-08,2026-05-08 09:00:00+00,2026-05-06 09:00:00+00,,2026-04-21 15:00:00+00,2026-04-22 09:00:00+00,,2026-08-30 15:44:41.343854+00,2026-05-08 10:00:00+00
DL0157,ACC0094,SR001,LS003,Lumora Opportunity 0157,Closed Won,Closed Won,8000.00,100.00,2026-01-31 09:00:00+00,2026-02-03 09:00:00+00,2026-02-05 09:00:00+00,2026-02-10 09:00:00+00,2026-04-10,2026-04-10 09:00:00+00,2026-04-07 09:00:00+00,,2026-01-31 15:00:00+00,2026-02-01 09:00:00+00,,2026-08-30 15:44:41.343854+00,2026-04-10 10:00:00+00
DL0158,ACC0122,SR002,LS004,Lumora Opportunity 0158,Closed Won,Closed Won,8000.00,100.00,2026-02-17 09:00:00+00,2026-02-20 09:00:00+00,2026-02-22 09:00:00+00,2026-02-27 09:00:00+00,2026-05-02,2026-05-02 09:00:00+00,2026-04-29 09:00:00+00,,2026-02-17 15:00:00+00,2026-02-18 09:00:00+00,,2026-08-30 15:44:41.343854+00,2026-05-02 10:00:00+00
DL0159,ACC0150,SR003,LS005,Lumora Opportunity 0159,Closed Won,Closed Won,8000.00,100.00,2026-03-06 09:00:00+00,2026-03-09 09:00:00+00,2026-03-11 09:00:00+00,2026-03-16 09:00:00+00,2026-05-24,2026-05-24 09:00:00+00,2026-05-21 09:00:00+00,,2026-03-06 15:00:00+00,2026-03-07 09:00:00+00,,2026-08-30 15:44:41.343854+00,2026-05-24 10:00:00+00
DL0160,ACC0028,SR004,LS006,Lumora Opportunity 0160,Closed Won,Closed Won,40000.00,100.00,2026-03-23 09:00:00+00,2026-03-26 09:00:00+00,2026-03-28 09:00:00+00,2026-04-02 09:00:00+00,2026-06-15,2026-06-15 09:00:00+00,2026-06-12 09:00:00+00,,2026-03-23 15:00:00+00,2026-03-24 09:00:00+00,,2026-08-30 15:44:41.343854+00,2026-06-15 10:00:00+00
DL0161,ACC0056,SR005,LS007,Lumora Opportunity 0161,Closed Won,Closed Won,40000.00,100.00,2026-04-09 09:00:00+00,2026-04-12 09:00:00+00,2026-04-14 09:00:00+00,2026-04-19 09:00:00+00,2026-04-28,2026-04-28 09:00:00+00,2026-04-25 09:00:00+00,,2026-04-09 15:00:00+00,2026-04-10 09:00:00+00,,2026-08-30 15:44:41.343854+00,2026-04-28 10:00:00+00
DL0162,ACC0084,SR006,LS001,Lumora Opportunity 0162,Closed Lost,Closed Lost,40000.00,0.00,2026-04-26 09:00:00+00,2026-04-29 09:00:00+00,2026-05-01 09:00:00+00,2026-05-06 09:00:00+00,2026-05-20,2026-05-20 09:00:00+00,2026-05-17 09:00:00+00,,2026-04-26 15:00:00+00,2026-04-27 09:00:00+00,Budget unavailable,2026-08-30 15:44:41.343854+00,2026-05-20 10:00:00+00
DL0163,ACC0010,SR001,LS002,Lumora Opportunity 0163,Closed Won,Closed Won,12000.00,100.00,2026-02-05 09:00:00+00,2026-02-08 09:00:00+00,2026-02-10 09:00:00+00,2026-02-15 09:00:00+00,2026-04-22,2026-04-22 09:00:00+00,2026-04-18 09:00:00+00,,2026-02-05 15:00:00+00,2026-02-06 09:00:00+00,,2026-08-30 15:44:41.343854+00,2026-04-22 10:00:00+00
DL0164,ACC0038,SR002,LS003,Lumora Opportunity 0164,Closed Won,Closed Won,12000.00,100.00,2026-02-22 09:00:00+00,2026-02-25 09:00:00+00,2026-02-27 09:00:00+00,2026-03-04 09:00:00+00,2026-05-14,2026-05-14 09:00:00+00,2026-05-10 09:00:00+00,,2026-02-22 15:00:00+00,2026-02-23 09:00:00+00,,2026-08-30 15:44:41.343854+00,2026-05-14 10:00:00+00
DL0165,ACC0066,SR003,LS004,Lumora Opportunity 0165,Closed Won,Closed Won,12000.00,100.00,2026-03-11 09:00:00+00,2026-03-14 09:00:00+00,2026-03-16 09:00:00+00,2026-03-21 09:00:00+00,2026-03-27,2026-03-27 09:00:00+00,2026-03-23 09:00:00+00,,2026-03-11 15:00:00+00,2026-03-12 09:00:00+00,,2026-08-30 15:44:41.343854+00,2026-03-27 10:00:00+00
DL0166,ACC0094,SR004,LS005,Lumora Opportunity 0166,Closed Won,Closed Won,12000.00,100.00,2026-03-28 09:00:00+00,2026-03-31 09:00:00+00,2026-04-02 09:00:00+00,2026-04-07 09:00:00+00,2026-04-18,2026-04-18 09:00:00+00,2026-04-14 09:00:00+00,,2026-03-28 15:00:00+00,2026-03-29 09:00:00+00,,2026-08-30 15:44:41.343854+00,2026-04-18 10:00:00+00
DL0167,ACC0122,SR005,LS006,Lumora Opportunity 0167,Closed Won,Closed Won,12000.00,100.00,2026-04-14 09:00:00+00,2026-04-17 09:00:00+00,2026-04-19 09:00:00+00,2026-04-24 09:00:00+00,2026-05-10,2026-05-10 09:00:00+00,2026-05-06 09:00:00+00,,2026-04-14 15:00:00+00,2026-04-15 09:00:00+00,,2026-08-30 15:44:41.343854+00,2026-05-10 10:00:00+00
DL0168,ACC0150,SR006,LS007,Lumora Opportunity 0168,Closed Lost,Closed Lost,12000.00,0.00,2026-05-01 09:00:00+00,2026-05-04 09:00:00+00,2026-05-06 09:00:00+00,2026-05-11 09:00:00+00,2026-06-01,2026-06-01 09:00:00+00,2026-05-28 09:00:00+00,,2026-05-01 15:00:00+00,2026-05-02 09:00:00+00,Timing changed,2026-08-30 15:44:41.343854+00,2026-06-01 10:00:00+00
DL0169,ACC0076,SR001,LS000,Lumora Opportunity 0169,Closed Won,Closed Won,9000.00,100.00,2026-02-10 09:00:00+00,2026-02-13 09:00:00+00,2026-02-15 09:00:00+00,2026-02-20 09:00:00+00,2026-05-04,2026-05-04 09:00:00+00,2026-04-29 09:00:00+00,,2026-02-10 15:00:00+00,2026-02-11 09:00:00+00,,2026-08-30 15:44:41.343854+00,2026-05-04 10:00:00+00
DL0170,ACC0104,SR002,LS000,Lumora Opportunity 0170,Closed Won,Closed Won,9000.00,100.00,2026-02-27 09:00:00+00,2026-03-02 09:00:00+00,2026-03-04 09:00:00+00,2026-03-09 09:00:00+00,2026-03-17,2026-03-17 09:00:00+00,2026-03-12 09:00:00+00,,2026-02-27 15:00:00+00,2026-02-28 09:00:00+00,,2026-08-30 15:44:41.343854+00,2026-03-17 10:00:00+00
DL0171,ACC0132,SR003,LS000,Lumora Opportunity 0171,Closed Won,Closed Won,9000.00,100.00,2026-03-16 09:00:00+00,2026-03-19 09:00:00+00,2026-03-21 09:00:00+00,2026-03-26 09:00:00+00,2026-04-08,2026-04-08 09:00:00+00,2026-04-03 09:00:00+00,,2026-03-16 15:00:00+00,2026-03-17 09:00:00+00,,2026-08-30 15:44:41.343854+00,2026-04-08 10:00:00+00
DL0172,ACC0010,SR004,LS000,Lumora Opportunity 0172,Closed Won,Closed Won,13000.00,100.00,2026-04-02 09:00:00+00,2026-04-05 09:00:00+00,2026-04-07 09:00:00+00,2026-04-12 09:00:00+00,2026-04-30,2026-04-30 09:00:00+00,2026-04-25 09:00:00+00,,2026-04-02 15:00:00+00,2026-04-03 09:00:00+00,,2026-08-30 15:44:41.343854+00,2026-04-30 10:00:00+00
DL0173,ACC0038,SR005,LS000,Lumora Opportunity 0173,Closed Won,Closed Won,13000.00,100.00,2026-04-19 09:00:00+00,2026-04-22 09:00:00+00,2026-04-24 09:00:00+00,2026-04-29 09:00:00+00,2026-05-22,2026-05-22 09:00:00+00,2026-05-17 09:00:00+00,,2026-04-19 15:00:00+00,2026-04-20 09:00:00+00,,2026-08-30 15:44:41.343854+00,2026-05-22 10:00:00+00
DL0174,ACC0016,SR006,LS000,Lumora Opportunity 0174,Closed Lost,Closed Lost,13000.00,0.00,2026-05-06 09:00:00+00,2026-05-09 09:00:00+00,2026-05-11 09:00:00+00,2026-05-16 09:00:00+00,2026-06-13,2026-06-13 09:00:00+00,2026-06-08 09:00:00+00,,2026-05-06 15:00:00+00,2026-05-07 09:00:00+00,Price too high,2026-08-30 15:44:41.343854+00,2026-06-13 10:00:00+00
DL0175,ACC0142,SR001,LS007,Lumora Opportunity 0175,Closed Won,Closed Won,4500.00,100.00,2026-02-15 09:00:00+00,2026-02-18 09:00:00+00,2026-02-20 09:00:00+00,2026-02-25 09:00:00+00,2026-03-07,2026-03-07 09:00:00+00,2026-03-06 09:00:00+00,,2026-02-15 15:00:00+00,2026-02-16 09:00:00+00,,2026-08-30 15:44:41.343854+00,2026-03-07 10:00:00+00
DL0176,ACC0020,SR002,LS001,Lumora Opportunity 0176,Closed Won,Closed Won,4500.00,100.00,2026-03-04 09:00:00+00,2026-03-07 09:00:00+00,2026-03-09 09:00:00+00,2026-03-14 09:00:00+00,2026-03-29,2026-03-29 09:00:00+00,2026-03-28 09:00:00+00,,2026-03-04 15:00:00+00,2026-03-05 09:00:00+00,,2026-08-30 15:44:41.343854+00,2026-03-29 10:00:00+00
DL0177,ACC0048,SR003,LS002,Lumora Opportunity 0177,Closed Won,Closed Won,4500.00,100.00,2026-03-21 09:00:00+00,2026-03-24 09:00:00+00,2026-03-26 09:00:00+00,2026-03-31 09:00:00+00,2026-04-20,2026-04-20 09:00:00+00,2026-04-19 09:00:00+00,,2026-03-21 15:00:00+00,2026-03-22 09:00:00+00,,2026-08-30 15:44:41.343854+00,2026-04-20 10:00:00+00
DL0178,ACC0026,SR004,LS003,Lumora Opportunity 0178,Closed Won,Closed Won,22000.00,100.00,2026-04-07 09:00:00+00,2026-04-10 09:00:00+00,2026-04-12 09:00:00+00,2026-04-17 09:00:00+00,2026-05-12,2026-05-12 09:00:00+00,2026-05-11 09:00:00+00,,2026-04-07 15:00:00+00,2026-04-08 09:00:00+00,,2026-08-30 15:44:41.343854+00,2026-05-12 10:00:00+00
DL0179,ACC0054,SR005,LS004,Lumora Opportunity 0179,Closed Won,Closed Won,22000.00,100.00,2026-04-24 09:00:00+00,2026-04-27 09:00:00+00,2026-04-29 09:00:00+00,2026-05-04 09:00:00+00,2026-06-03,2026-06-03 09:00:00+00,2026-06-02 09:00:00+00,,2026-04-24 15:00:00+00,2026-04-25 09:00:00+00,,2026-08-30 15:44:41.343854+00,2026-06-03 10:00:00+00
DL0180,ACC0082,SR006,LS005,Lumora Opportunity 0180,Closed Lost,Closed Lost,22000.00,0.00,2026-05-11 09:00:00+00,2026-05-14 09:00:00+00,2026-05-16 09:00:00+00,2026-05-21 09:00:00+00,2026-06-25,2026-06-25 09:00:00+00,2026-06-24 09:00:00+00,,2026-05-11 15:00:00+00,2026-05-12 09:00:00+00,Competitor selected,2026-08-30 15:44:41.343854+00,2026-06-25 10:00:00+00
DL0181,ACC0008,SR001,LS006,Lumora Opportunity 0181,Closed Won,Closed Won,5000.00,100.00,2026-02-20 09:00:00+00,2026-02-23 09:00:00+00,2026-02-25 09:00:00+00,2026-03-02 09:00:00+00,2026-03-19,2026-03-19 09:00:00+00,2026-03-17 09:00:00+00,,2026-02-20 15:00:00+00,2026-02-21 09:00:00+00,,2026-08-30 15:44:41.343854+00,2026-03-19 10:00:00+00
DL0182,ACC0036,SR002,LS007,Lumora Opportunity 0182,Closed Lost,Closed Lost,5000.00,0.00,2026-03-09 09:00:00+00,2026-03-12 09:00:00+00,2026-03-14 09:00:00+00,2026-03-19 09:00:00+00,2026-04-10,2026-04-10 09:00:00+00,2026-04-08 09:00:00+00,,2026-03-09 15:00:00+00,2026-03-10 09:00:00+00,Budget unavailable,2026-08-30 15:44:41.343854+00,2026-04-10 10:00:00+00
DL0183,ACC0064,SR003,LS001,Lumora Opportunity 0183,Closed Won,Closed Won,5000.00,100.00,2026-03-26 09:00:00+00,2026-03-29 09:00:00+00,2026-03-31 09:00:00+00,2026-04-05 09:00:00+00,2026-05-02,2026-05-02 09:00:00+00,2026-04-30 09:00:00+00,,2026-03-26 15:00:00+00,2026-03-27 09:00:00+00,,2026-08-30 15:44:41.343854+00,2026-05-02 10:00:00+00
DL0184,ACC0092,SR004,LS002,Lumora Opportunity 0184,Closed Won,Closed Won,15000.00,100.00,2026-04-12 09:00:00+00,2026-04-15 09:00:00+00,2026-04-17 09:00:00+00,2026-04-22 09:00:00+00,2026-05-24,2026-05-24 09:00:00+00,2026-05-22 09:00:00+00,,2026-04-12 15:00:00+00,2026-04-13 09:00:00+00,,2026-08-30 15:44:41.343854+00,2026-05-24 10:00:00+00
DL0185,ACC0120,SR005,LS003,Lumora Opportunity 0185,Closed Won,Closed Won,15000.00,100.00,2026-04-29 09:00:00+00,2026-05-02 09:00:00+00,2026-05-04 09:00:00+00,2026-05-09 09:00:00+00,2026-06-15,2026-06-15 09:00:00+00,2026-06-13 09:00:00+00,,2026-04-29 15:00:00+00,2026-04-30 09:00:00+00,,2026-08-30 15:44:41.343854+00,2026-06-15 10:00:00+00
DL0186,ACC0148,SR006,LS004,Lumora Opportunity 0186,Closed Lost,Closed Lost,15000.00,0.00,2026-05-16 09:00:00+00,2026-05-19 09:00:00+00,2026-05-21 09:00:00+00,2026-05-26 09:00:00+00,2026-07-07,2026-07-07 09:00:00+00,2026-07-05 09:00:00+00,,2026-05-16 15:00:00+00,2026-05-17 09:00:00+00,Budget unavailable,2026-08-30 15:44:41.343854+00,2026-07-07 10:00:00+00
DL0187,ACC0074,SR001,LS005,Lumora Opportunity 0187,Closed Won,Closed Won,16000.00,100.00,2026-02-25 09:00:00+00,2026-02-28 09:00:00+00,2026-03-02 09:00:00+00,2026-03-07 09:00:00+00,2026-03-31,2026-03-31 09:00:00+00,2026-03-28 09:00:00+00,,2026-02-26 17:00:00+00,2026-02-26 09:00:00+00,,2026-08-30 15:44:41.343854+00,2026-03-31 10:00:00+00
DL0188,ACC0102,SR002,LS006,Lumora Opportunity 0188,Closed Lost,Closed Lost,16000.00,0.00,2026-03-14 09:00:00+00,2026-03-17 09:00:00+00,2026-03-19 09:00:00+00,2026-03-24 09:00:00+00,2026-04-22,2026-04-22 09:00:00+00,2026-04-19 09:00:00+00,,2026-03-15 17:00:00+00,2026-03-15 09:00:00+00,Timing changed,2026-08-30 15:44:41.343854+00,2026-04-22 10:00:00+00
DL0189,ACC0130,SR003,LS007,Lumora Opportunity 0189,Closed Won,Closed Won,16000.00,100.00,2026-03-31 09:00:00+00,2026-04-03 09:00:00+00,2026-04-05 09:00:00+00,2026-04-10 09:00:00+00,2026-05-14,2026-05-14 09:00:00+00,2026-05-11 09:00:00+00,,2026-04-01 17:00:00+00,2026-04-01 09:00:00+00,,2026-08-30 15:44:41.343854+00,2026-05-14 10:00:00+00
DL0190,ACC0008,SR004,LS001,Lumora Opportunity 0190,Closed Won,Closed Won,16000.00,100.00,2026-04-17 09:00:00+00,2026-04-20 09:00:00+00,2026-04-22 09:00:00+00,2026-04-27 09:00:00+00,2026-06-05,2026-06-05 09:00:00+00,2026-06-02 09:00:00+00,,2026-04-18 17:00:00+00,2026-04-18 09:00:00+00,,2026-08-30 15:44:41.343854+00,2026-06-05 10:00:00+00
DL0191,ACC0036,SR005,LS002,Lumora Opportunity 0191,Closed Won,Closed Won,16000.00,100.00,2026-05-04 09:00:00+00,2026-05-07 09:00:00+00,2026-05-09 09:00:00+00,2026-05-14 09:00:00+00,2026-06-27,2026-06-27 09:00:00+00,2026-06-24 09:00:00+00,,2026-05-05 17:00:00+00,2026-05-05 09:00:00+00,,2026-08-30 15:44:41.343854+00,2026-06-27 10:00:00+00
DL0192,ACC0064,SR006,LS003,Lumora Opportunity 0192,Closed Lost,Closed Lost,16000.00,0.00,2026-05-21 09:00:00+00,2026-05-24 09:00:00+00,2026-05-26 09:00:00+00,2026-05-31 09:00:00+00,2026-07-19,2026-07-19 09:00:00+00,2026-07-16 09:00:00+00,,2026-05-22 17:00:00+00,2026-05-22 09:00:00+00,Timing changed,2026-08-30 15:44:41.343854+00,2026-07-19 10:00:00+00
DL0193,ACC0140,SR001,LS004,Lumora Opportunity 0193,Closed Won,Closed Won,6000.00,100.00,2026-03-02 09:00:00+00,2026-03-05 09:00:00+00,2026-03-07 09:00:00+00,2026-03-12 09:00:00+00,2026-04-12,2026-04-12 09:00:00+00,2026-04-08 09:00:00+00,,2026-03-02 15:00:00+00,2026-03-03 09:00:00+00,,2026-08-30 15:44:41.343854+00,2026-04-12 10:00:00+00
DL0194,ACC0018,SR002,LS005,Lumora Opportunity 0194,Closed Lost,Closed Lost,6000.00,0.00,2026-03-19 09:00:00+00,2026-03-22 09:00:00+00,2026-03-24 09:00:00+00,2026-03-29 09:00:00+00,2026-05-04,2026-05-04 09:00:00+00,2026-04-30 09:00:00+00,,2026-03-19 15:00:00+00,2026-03-20 09:00:00+00,Price too high,2026-08-30 15:44:41.343854+00,2026-05-04 10:00:00+00
DL0195,ACC0046,SR003,LS006,Lumora Opportunity 0195,Closed Won,Closed Won,6000.00,100.00,2026-04-05 09:00:00+00,2026-04-08 09:00:00+00,2026-04-10 09:00:00+00,2026-04-15 09:00:00+00,2026-05-26,2026-05-26 09:00:00+00,2026-05-22 09:00:00+00,,2026-04-05 15:00:00+00,2026-04-06 09:00:00+00,,2026-08-30 15:44:41.343854+00,2026-05-26 10:00:00+00
DL0196,ACC0074,SR004,LS007,Lumora Opportunity 0196,Closed Won,Closed Won,26500.00,100.00,2026-04-22 09:00:00+00,2026-04-25 09:00:00+00,2026-04-27 09:00:00+00,2026-05-02 09:00:00+00,2026-06-17,2026-06-17 09:00:00+00,2026-06-13 09:00:00+00,,2026-04-22 15:00:00+00,2026-04-23 09:00:00+00,,2026-08-30 15:44:41.343854+00,2026-06-17 10:00:00+00
DL0197,ACC0102,SR005,LS001,Lumora Opportunity 0197,Closed Won,Closed Won,26500.00,100.00,2026-05-09 09:00:00+00,2026-05-12 09:00:00+00,2026-05-14 09:00:00+00,2026-05-19 09:00:00+00,2026-07-09,2026-07-09 09:00:00+00,2026-07-05 09:00:00+00,,2026-05-09 15:00:00+00,2026-05-10 09:00:00+00,,2026-08-30 15:44:41.343854+00,2026-07-09 10:00:00+00
DL0198,ACC0130,SR006,LS002,Lumora Opportunity 0198,Closed Lost,Closed Lost,26500.00,0.00,2026-05-26 09:00:00+00,2026-05-29 09:00:00+00,2026-05-31 09:00:00+00,2026-06-05 09:00:00+00,2026-07-31,2026-07-31 09:00:00+00,2026-07-27 09:00:00+00,,2026-05-26 15:00:00+00,2026-05-27 09:00:00+00,Price too high,2026-08-30 15:44:41.343854+00,2026-07-31 10:00:00+00
DL0199,ACC0056,SR001,LS003,Lumora Opportunity 0199,Closed Won,Closed Won,6500.00,100.00,2026-03-07 09:00:00+00,2026-03-10 09:00:00+00,2026-03-12 09:00:00+00,2026-03-17 09:00:00+00,2026-04-24,2026-04-24 09:00:00+00,2026-04-19 09:00:00+00,,2026-03-07 15:00:00+00,2026-03-08 09:00:00+00,,2026-08-30 15:44:41.343854+00,2026-04-24 10:00:00+00
DL0200,ACC0084,SR002,LS004,Lumora Opportunity 0200,Closed Lost,Closed Lost,6500.00,0.00,2026-03-24 09:00:00+00,2026-03-27 09:00:00+00,2026-03-29 09:00:00+00,2026-04-03 09:00:00+00,2026-05-16,2026-05-16 09:00:00+00,2026-05-11 09:00:00+00,,2026-03-24 15:00:00+00,2026-03-25 09:00:00+00,Competitor selected,2026-08-30 15:44:41.343854+00,2026-05-16 10:00:00+00
DL0201,ACC0112,SR003,LS005,Lumora Opportunity 0201,Closed Won,Closed Won,6500.00,100.00,2026-04-10 09:00:00+00,2026-04-13 09:00:00+00,2026-04-15 09:00:00+00,2026-04-20 09:00:00+00,2026-06-07,2026-06-07 09:00:00+00,2026-06-02 09:00:00+00,,2026-04-10 15:00:00+00,2026-04-11 09:00:00+00,,2026-08-30 15:44:41.343854+00,2026-06-07 10:00:00+00
DL0202,ACC0140,SR004,LS006,Lumora Opportunity 0202,Closed Won,Closed Won,18000.00,100.00,2026-04-27 09:00:00+00,2026-04-30 09:00:00+00,2026-05-02 09:00:00+00,2026-05-07 09:00:00+00,2026-06-29,2026-06-29 09:00:00+00,2026-06-24 09:00:00+00,,2026-04-27 15:00:00+00,2026-04-28 09:00:00+00,,2026-08-30 15:44:41.343854+00,2026-06-29 10:00:00+00
DL0203,ACC0018,SR005,LS007,Lumora Opportunity 0203,Closed Won,Closed Won,18000.00,100.00,2026-05-14 09:00:00+00,2026-05-17 09:00:00+00,2026-05-19 09:00:00+00,2026-05-24 09:00:00+00,2026-07-21,2026-07-21 09:00:00+00,2026-07-16 09:00:00+00,,2026-05-14 15:00:00+00,2026-05-15 09:00:00+00,,2026-08-30 15:44:41.343854+00,2026-07-21 10:00:00+00
DL0204,ACC0046,SR006,LS001,Lumora Opportunity 0204,Closed Lost,Closed Lost,18000.00,0.00,2026-05-31 09:00:00+00,2026-06-03 09:00:00+00,2026-06-05 09:00:00+00,2026-06-10 09:00:00+00,2026-08-12,2026-08-12 09:00:00+00,2026-08-07 09:00:00+00,,2026-05-31 15:00:00+00,2026-06-01 09:00:00+00,Competitor selected,2026-08-30 15:44:41.343854+00,2026-08-12 10:00:00+00
DL0205,ACC0122,SR001,LS002,Lumora Opportunity 0205,Closed Won,Closed Won,7000.00,100.00,2026-03-12 09:00:00+00,2026-03-15 09:00:00+00,2026-03-17 09:00:00+00,2026-03-22 09:00:00+00,2026-05-06,2026-05-06 09:00:00+00,2026-05-05 09:00:00+00,,2026-03-12 15:00:00+00,2026-03-13 09:00:00+00,,2026-08-30 15:44:41.343854+00,2026-05-06 10:00:00+00
DL0206,ACC0150,SR002,LS003,Lumora Opportunity 0206,Closed Lost,Closed Lost,7000.00,0.00,2026-03-29 09:00:00+00,2026-04-01 09:00:00+00,2026-04-03 09:00:00+00,2026-04-08 09:00:00+00,2026-05-28,2026-05-28 09:00:00+00,2026-05-27 09:00:00+00,,2026-03-29 15:00:00+00,2026-03-30 09:00:00+00,Budget unavailable,2026-08-30 15:44:41.343854+00,2026-05-28 10:00:00+00
DL0207,ACC0028,SR003,LS004,Lumora Opportunity 0207,Closed Won,Closed Won,7000.00,100.00,2026-04-15 09:00:00+00,2026-04-18 09:00:00+00,2026-04-20 09:00:00+00,2026-04-25 09:00:00+00,2026-06-19,2026-06-19 09:00:00+00,2026-06-18 09:00:00+00,,2026-04-15 15:00:00+00,2026-04-16 09:00:00+00,,2026-08-30 15:44:41.343854+00,2026-06-19 10:00:00+00
DL0208,ACC0056,SR004,LS005,Lumora Opportunity 0208,Closed Won,Closed Won,19000.00,100.00,2026-05-02 09:00:00+00,2026-05-05 09:00:00+00,2026-05-07 09:00:00+00,2026-05-12 09:00:00+00,2026-07-11,2026-07-11 09:00:00+00,2026-07-10 09:00:00+00,,2026-05-02 15:00:00+00,2026-05-03 09:00:00+00,,2026-08-30 15:44:41.343854+00,2026-07-11 10:00:00+00
DL0209,ACC0084,SR005,LS006,Lumora Opportunity 0209,Closed Won,Closed Won,19000.00,100.00,2026-05-19 09:00:00+00,2026-05-22 09:00:00+00,2026-05-24 09:00:00+00,2026-05-29 09:00:00+00,2026-08-02,2026-08-02 09:00:00+00,2026-08-01 09:00:00+00,,2026-05-19 15:00:00+00,2026-05-20 09:00:00+00,,2026-08-30 15:44:41.343854+00,2026-08-02 10:00:00+00
DL0210,ACC0112,SR006,LS007,Lumora Opportunity 0210,Closed Lost,Closed Lost,19000.00,0.00,2025-09-03 09:00:00+00,2025-09-06 09:00:00+00,2025-09-08 09:00:00+00,2025-09-13 09:00:00+00,2025-11-22,2025-11-22 09:00:00+00,2025-11-21 09:00:00+00,,2025-09-03 15:00:00+00,2025-09-04 09:00:00+00,Budget unavailable,2026-08-30 15:44:41.343854+00,2025-11-22 10:00:00+00
DL0211,ACC0038,SR001,LS001,Lumora Opportunity 0211,Closed Won,Closed Won,20000.00,100.00,2026-03-17 09:00:00+00,2026-03-20 09:00:00+00,2026-03-22 09:00:00+00,2026-03-27 09:00:00+00,2026-05-18,2026-05-18 09:00:00+00,2026-05-16 09:00:00+00,,2026-03-17 15:00:00+00,2026-03-18 09:00:00+00,,2026-08-30 15:44:41.343854+00,2026-05-18 10:00:00+00
DL0212,ACC0066,SR002,LS002,Lumora Opportunity 0212,Closed Lost,Closed Lost,20000.00,0.00,2026-04-03 09:00:00+00,2026-04-06 09:00:00+00,2026-04-08 09:00:00+00,2026-04-13 09:00:00+00,2026-06-09,2026-06-09 09:00:00+00,2026-06-07 09:00:00+00,,2026-04-03 15:00:00+00,2026-04-04 09:00:00+00,Timing changed,2026-08-30 15:44:41.343854+00,2026-06-09 10:00:00+00
DL0213,ACC0094,SR003,LS003,Lumora Opportunity 0213,Closed Won,Closed Won,20000.00,100.00,2026-04-20 09:00:00+00,2026-04-23 09:00:00+00,2026-04-25 09:00:00+00,2026-04-30 09:00:00+00,2026-07-01,2026-07-01 09:00:00+00,2026-06-29 09:00:00+00,,2026-04-20 15:00:00+00,2026-04-21 09:00:00+00,,2026-08-30 15:44:41.343854+00,2026-07-01 10:00:00+00
DL0214,ACC0122,SR004,LS004,Lumora Opportunity 0214,Closed Won,Closed Won,31000.00,100.00,2026-05-07 09:00:00+00,2026-05-10 09:00:00+00,2026-05-12 09:00:00+00,2026-05-17 09:00:00+00,2026-07-23,2026-07-23 09:00:00+00,2026-07-21 09:00:00+00,,2026-05-07 15:00:00+00,2026-05-08 09:00:00+00,,2026-08-30 15:44:41.343854+00,2026-07-23 10:00:00+00
DL0215,ACC0150,SR005,LS005,Lumora Opportunity 0215,Closed Lost,Closed Lost,31000.00,0.00,2026-05-24 09:00:00+00,2026-05-27 09:00:00+00,2026-05-29 09:00:00+00,2026-06-03 09:00:00+00,2026-08-14,2026-08-14 09:00:00+00,2026-08-12 09:00:00+00,,2026-05-24 15:00:00+00,2026-05-25 09:00:00+00,Timing changed,2026-08-30 15:44:41.343854+00,2026-08-14 10:00:00+00
DL0216,ACC0028,SR006,LS006,Lumora Opportunity 0216,Closed Lost,Closed Lost,31000.00,0.00,2025-09-08 09:00:00+00,2025-09-11 09:00:00+00,2025-09-13 09:00:00+00,2025-09-18 09:00:00+00,2025-09-25,2025-09-25 09:00:00+00,2025-09-23 09:00:00+00,,2025-09-08 15:00:00+00,2025-09-09 09:00:00+00,Timing changed,2026-08-30 15:44:41.343854+00,2025-09-25 10:00:00+00
DL0217,ACC0104,SR001,LS007,Lumora Opportunity 0217,Closed Won,Closed Won,8000.00,100.00,2026-03-22 09:00:00+00,2026-03-25 09:00:00+00,2026-03-27 09:00:00+00,2026-04-01 09:00:00+00,2026-05-30,2026-05-30 09:00:00+00,2026-05-27 09:00:00+00,,2026-03-22 15:00:00+00,2026-03-23 09:00:00+00,,2026-08-30 15:44:41.343854+00,2026-05-30 10:00:00+00
DL0218,ACC0132,SR002,LS001,Lumora Opportunity 0218,Closed Lost,Closed Lost,8000.00,0.00,2026-04-08 09:00:00+00,2026-04-11 09:00:00+00,2026-04-13 09:00:00+00,2026-04-18 09:00:00+00,2026-06-21,2026-06-21 09:00:00+00,2026-06-18 09:00:00+00,,2026-04-08 15:00:00+00,2026-04-09 09:00:00+00,Price too high,2026-08-30 15:44:41.343854+00,2026-06-21 10:00:00+00
DL0219,ACC0010,SR003,LS002,Lumora Opportunity 0219,Closed Won,Closed Won,8000.00,100.00,2026-04-25 09:00:00+00,2026-04-28 09:00:00+00,2026-04-30 09:00:00+00,2026-05-05 09:00:00+00,2026-07-13,2026-07-13 09:00:00+00,2026-07-10 09:00:00+00,,2026-04-25 15:00:00+00,2026-04-26 09:00:00+00,,2026-08-30 15:44:41.343854+00,2026-07-13 10:00:00+00
DL0220,ACC0038,SR004,LS003,Lumora Opportunity 0220,Closed Won,Closed Won,21000.00,100.00,2026-05-12 09:00:00+00,2026-05-15 09:00:00+00,2026-05-17 09:00:00+00,2026-05-22 09:00:00+00,2026-08-04,2026-08-04 09:00:00+00,2026-08-01 09:00:00+00,,2026-05-12 15:00:00+00,2026-05-13 09:00:00+00,,2026-08-30 15:44:41.343854+00,2026-08-04 10:00:00+00
DL0221,ACC0016,SR005,LS004,Lumora Opportunity 0221,Closed Lost,Closed Lost,21000.00,0.00,2026-05-29 09:00:00+00,2026-06-01 09:00:00+00,2026-06-03 09:00:00+00,2026-06-08 09:00:00+00,2026-06-17,2026-06-17 09:00:00+00,2026-06-14 09:00:00+00,,2026-05-29 15:00:00+00,2026-05-30 09:00:00+00,Price too high,2026-08-30 15:44:41.343854+00,2026-06-17 10:00:00+00
DL0222,ACC0044,SR006,LS005,Lumora Opportunity 0222,Closed Lost,Closed Lost,21000.00,0.00,2025-09-13 09:00:00+00,2025-09-16 09:00:00+00,2025-09-18 09:00:00+00,2025-09-23 09:00:00+00,2025-10-07,2025-10-07 09:00:00+00,2025-10-04 09:00:00+00,,2025-09-13 15:00:00+00,2025-09-14 09:00:00+00,Price too high,2026-08-30 15:44:41.343854+00,2025-10-07 10:00:00+00
DL0223,ACC0020,SR001,LS006,Lumora Opportunity 0223,Closed Won,Closed Won,8500.00,100.00,2026-03-27 09:00:00+00,2026-03-30 09:00:00+00,2026-04-01 09:00:00+00,2026-04-06 09:00:00+00,2026-06-11,2026-06-11 09:00:00+00,2026-06-07 09:00:00+00,,2026-03-27 15:00:00+00,2026-03-28 09:00:00+00,,2026-08-30 15:44:41.343854+00,2026-06-11 10:00:00+00
DL0224,ACC0048,SR002,LS007,Lumora Opportunity 0224,Closed Lost,Closed Lost,8500.00,0.00,2026-04-13 09:00:00+00,2026-04-16 09:00:00+00,2026-04-18 09:00:00+00,2026-04-23 09:00:00+00,2026-07-03,2026-07-03 09:00:00+00,2026-06-29 09:00:00+00,,2026-04-13 15:00:00+00,2026-04-14 09:00:00+00,Competitor selected,2026-08-30 15:44:41.343854+00,2026-07-03 10:00:00+00
DL0225,ACC0026,SR003,LS001,Lumora Opportunity 0225,Closed Won,Closed Won,8500.00,100.00,2026-04-30 09:00:00+00,2026-05-03 09:00:00+00,2026-05-05 09:00:00+00,2026-05-10 09:00:00+00,2026-05-16,2026-05-16 09:00:00+00,2026-05-12 09:00:00+00,,2026-04-30 15:00:00+00,2026-05-01 09:00:00+00,,2026-08-30 15:44:41.343854+00,2026-05-16 10:00:00+00
DL0226,ACC0054,SR004,LS002,Lumora Opportunity 0226,Closed Won,Closed Won,22000.00,100.00,2026-05-17 09:00:00+00,2026-05-20 09:00:00+00,2026-05-22 09:00:00+00,2026-05-27 09:00:00+00,2026-06-07,2026-06-07 09:00:00+00,2026-06-03 09:00:00+00,,2026-05-17 15:00:00+00,2026-05-18 09:00:00+00,,2026-08-30 15:44:41.343854+00,2026-06-07 10:00:00+00
DL0227,ACC0082,SR005,LS003,Lumora Opportunity 0227,Closed Lost,Closed Lost,22000.00,0.00,2025-09-01 09:00:00+00,2025-09-04 09:00:00+00,2025-09-06 09:00:00+00,2025-09-11 09:00:00+00,2025-09-27,2025-09-27 09:00:00+00,2025-09-23 09:00:00+00,,2025-09-01 15:00:00+00,2025-09-02 09:00:00+00,Competitor selected,2026-08-30 15:44:41.343854+00,2025-09-27 10:00:00+00
DL0228,ACC0110,SR006,LS004,Lumora Opportunity 0228,Closed Lost,Closed Lost,22000.00,0.00,2025-09-18 09:00:00+00,2025-09-21 09:00:00+00,2025-09-23 09:00:00+00,2025-09-28 09:00:00+00,2025-10-19,2025-10-19 09:00:00+00,2025-10-15 09:00:00+00,,2025-09-18 15:00:00+00,2025-09-19 09:00:00+00,Competitor selected,2026-08-30 15:44:41.343854+00,2025-10-19 10:00:00+00
DL0229,ACC0036,SR001,LS005,Lumora Opportunity 0229,Closed Won,Closed Won,9000.00,100.00,2026-04-01 09:00:00+00,2026-04-04 09:00:00+00,2026-04-06 09:00:00+00,2026-04-11 09:00:00+00,2026-06-23,2026-06-23 09:00:00+00,2026-06-18 09:00:00+00,,2026-04-01 15:00:00+00,2026-04-02 09:00:00+00,,2026-08-30 15:44:41.343854+00,2026-06-23 10:00:00+00
DL0230,ACC0064,SR002,LS006,Lumora Opportunity 0230,Closed Lost,Closed Lost,9000.00,0.00,2026-04-18 09:00:00+00,2026-04-21 09:00:00+00,2026-04-23 09:00:00+00,2026-04-28 09:00:00+00,2026-05-06,2026-05-06 09:00:00+00,2026-05-01 09:00:00+00,,2026-04-18 15:00:00+00,2026-04-19 09:00:00+00,,2026-08-30 15:44:41.343854+00,2026-05-06 10:00:00+00
DL0231,ACC0092,SR003,LS007,Lumora Opportunity 0231,Closed Won,Closed Won,9000.00,100.00,2026-05-05 09:00:00+00,2026-05-08 09:00:00+00,2026-05-10 09:00:00+00,2026-05-15 09:00:00+00,2026-05-28,2026-05-28 09:00:00+00,2026-05-23 09:00:00+00,,2026-05-05 15:00:00+00,2026-05-06 09:00:00+00,,2026-08-30 15:44:41.343854+00,2026-05-28 10:00:00+00
DL0232,ACC0120,SR004,LS001,Lumora Opportunity 0232,Closed Won,Closed Won,35500.00,100.00,2026-05-22 09:00:00+00,2026-05-25 09:00:00+00,2026-05-27 09:00:00+00,2026-06-01 09:00:00+00,2026-06-19,2026-06-19 09:00:00+00,2026-06-14 09:00:00+00,,2026-05-22 15:00:00+00,2026-05-23 09:00:00+00,,2026-08-30 15:44:41.343854+00,2026-06-19 10:00:00+00
DL0233,ACC0148,SR005,LS002,Lumora Opportunity 0233,Closed Lost,Closed Lost,35500.00,0.00,2025-09-06 09:00:00+00,2025-09-09 09:00:00+00,2025-09-11 09:00:00+00,2025-09-16 09:00:00+00,2025-10-09,2025-10-09 09:00:00+00,2025-10-04 09:00:00+00,,2025-09-06 15:00:00+00,2025-09-07 09:00:00+00,,2026-08-30 15:44:41.343854+00,2025-10-09 10:00:00+00
DL0234,ACC0026,SR006,LS003,Lumora Opportunity 0234,Closed Lost,Closed Lost,35500.00,0.00,2025-09-23 09:00:00+00,2025-09-26 09:00:00+00,2025-09-28 09:00:00+00,2025-10-03 09:00:00+00,2025-10-31,2025-10-31 09:00:00+00,2025-10-26 09:00:00+00,,2025-09-23 15:00:00+00,2025-09-24 09:00:00+00,,2026-08-30 15:44:41.343854+00,2025-10-31 10:00:00+00
DL0235,ACC0102,SR001,LS004,Lumora Opportunity 0235,Closed Won,Closed Won,11000.00,100.00,2026-04-06 09:00:00+00,2026-04-09 09:00:00+00,2026-04-11 09:00:00+00,2026-04-16 09:00:00+00,2026-04-26,2026-04-26 09:00:00+00,2026-04-25 09:00:00+00,,2026-04-07 17:00:00+00,2026-04-07 09:00:00+00,,2026-08-30 15:44:41.343854+00,2026-04-26 10:00:00+00
DL0236,ACC0130,SR002,LS005,Lumora Opportunity 0236,Closed Lost,Closed Lost,11000.00,0.00,2026-04-23 09:00:00+00,2026-04-26 09:00:00+00,2026-04-28 09:00:00+00,2026-05-03 09:00:00+00,2026-05-18,2026-05-18 09:00:00+00,2026-05-17 09:00:00+00,,2026-04-24 17:00:00+00,2026-04-24 09:00:00+00,Timing changed,2026-08-30 15:44:41.343854+00,2026-05-18 10:00:00+00
DL0237,ACC0008,SR003,LS006,Lumora Opportunity 0237,Closed Won,Closed Won,11000.00,100.00,2026-05-10 09:00:00+00,2026-05-13 09:00:00+00,2026-05-15 09:00:00+00,2026-05-20 09:00:00+00,2026-06-09,2026-06-09 09:00:00+00,2026-06-08 09:00:00+00,,2026-05-11 17:00:00+00,2026-05-11 09:00:00+00,,2026-08-30 15:44:41.343854+00,2026-06-09 10:00:00+00
DL0238,ACC0036,SR004,LS007,Lumora Opportunity 0238,Closed Won,Closed Won,11000.00,100.00,2026-05-27 09:00:00+00,2026-05-30 09:00:00+00,2026-06-01 09:00:00+00,2026-06-06 09:00:00+00,2026-07-01,2026-07-01 09:00:00+00,2026-06-30 09:00:00+00,,2026-05-28 17:00:00+00,2026-05-28 09:00:00+00,,2026-08-30 15:44:41.343854+00,2026-07-01 10:00:00+00
DL0239,ACC0064,SR005,LS001,Lumora Opportunity 0239,Closed Lost,Closed Lost,11000.00,0.00,2025-09-11 09:00:00+00,2025-09-14 09:00:00+00,2025-09-16 09:00:00+00,2025-09-21 09:00:00+00,2025-10-21,2025-10-21 09:00:00+00,2025-10-20 09:00:00+00,,2025-09-12 17:00:00+00,2025-09-12 09:00:00+00,Timing changed,2026-08-30 15:44:41.343854+00,2025-10-21 10:00:00+00
DL0240,ACC0092,SR006,LS002,Lumora Opportunity 0240,Closed Lost,Closed Lost,11000.00,0.00,2025-09-28 09:00:00+00,2025-10-01 09:00:00+00,2025-10-03 09:00:00+00,2025-10-08 09:00:00+00,2025-11-12,2025-11-12 09:00:00+00,2025-11-11 09:00:00+00,,2025-09-29 17:00:00+00,2025-09-29 09:00:00+00,Timing changed,2026-08-30 15:44:41.343854+00,2025-11-12 10:00:00+00
DL0241,ACC0018,SR001,LS003,Lumora Opportunity 0241,Closed Won,Closed Won,5000.00,100.00,2026-04-11 09:00:00+00,2026-04-14 09:00:00+00,2026-04-16 09:00:00+00,2026-04-21 09:00:00+00,2026-05-08,2026-05-08 09:00:00+00,2026-05-06 09:00:00+00,,2026-04-11 15:00:00+00,2026-04-12 09:00:00+00,,2026-08-30 15:44:41.343854+00,2026-05-08 10:00:00+00
DL0242,ACC0046,SR002,LS004,Lumora Opportunity 0242,Closed Lost,Closed Lost,5000.00,0.00,2026-04-28 09:00:00+00,2026-05-01 09:00:00+00,2026-05-03 09:00:00+00,2026-05-08 09:00:00+00,2026-05-30,2026-05-30 09:00:00+00,2026-05-28 09:00:00+00,,2026-04-28 15:00:00+00,2026-04-29 09:00:00+00,Price too high,2026-08-30 15:44:41.343854+00,2026-05-30 10:00:00+00
DL0243,ACC0074,SR003,LS005,Lumora Opportunity 0243,Closed Lost,Closed Lost,5000.00,0.00,2026-05-15 09:00:00+00,2026-05-18 09:00:00+00,2026-05-20 09:00:00+00,2026-05-25 09:00:00+00,2026-06-21,2026-06-21 09:00:00+00,2026-06-19 09:00:00+00,,2026-05-15 15:00:00+00,2026-05-16 09:00:00+00,Price too high,2026-08-30 15:44:41.343854+00,2026-06-21 10:00:00+00
DL0244,ACC0102,SR004,LS006,Lumora Opportunity 0244,Closed Won,Closed Won,12000.00,100.00,2026-06-01 09:00:00+00,2026-06-04 09:00:00+00,2026-06-06 09:00:00+00,2026-06-11 09:00:00+00,2026-07-13,2026-07-13 09:00:00+00,2026-07-11 09:00:00+00,,2026-06-01 15:00:00+00,2026-06-02 09:00:00+00,,2026-08-30 15:44:41.343854+00,2026-07-13 10:00:00+00
DL0245,ACC0130,SR005,LS007,Lumora Opportunity 0245,Closed Lost,Closed Lost,12000.00,0.00,2025-09-16 09:00:00+00,2025-09-19 09:00:00+00,2025-09-21 09:00:00+00,2025-09-26 09:00:00+00,2025-11-02,2025-11-02 09:00:00+00,2025-10-31 09:00:00+00,,2025-09-16 15:00:00+00,2025-09-17 09:00:00+00,Price too high,2026-08-30 15:44:41.343854+00,2025-11-02 10:00:00+00
DL0246,ACC0008,SR006,LS001,Lumora Opportunity 0246,Closed Lost,Closed Lost,12000.00,0.00,2025-10-03 09:00:00+00,2025-10-06 09:00:00+00,2025-10-08 09:00:00+00,2025-10-13 09:00:00+00,2025-11-24,2025-11-24 09:00:00+00,2025-11-22 09:00:00+00,,2025-10-03 15:00:00+00,2025-10-04 09:00:00+00,Price too high,2026-08-30 15:44:41.343854+00,2025-11-24 10:00:00+00
DL0247,ACC0084,SR001,LS002,Lumora Opportunity 0247,Closed Won,Closed Won,5500.00,100.00,2026-04-16 09:00:00+00,2026-04-19 09:00:00+00,2026-04-21 09:00:00+00,2026-04-26 09:00:00+00,2026-05-20,2026-05-20 09:00:00+00,2026-05-17 09:00:00+00,,2026-04-16 15:00:00+00,2026-04-17 09:00:00+00,,2026-08-30 15:44:41.343854+00,2026-05-20 10:00:00+00
DL0248,ACC0112,SR002,LS003,Lumora Opportunity 0248,Closed Lost,Closed Lost,5500.00,0.00,2026-05-03 09:00:00+00,2026-05-06 09:00:00+00,2026-05-08 09:00:00+00,2026-05-13 09:00:00+00,2026-06-11,2026-06-11 09:00:00+00,2026-06-08 09:00:00+00,,2026-05-03 15:00:00+00,2026-05-04 09:00:00+00,Competitor selected,2026-08-30 15:44:41.343854+00,2026-06-11 10:00:00+00
DL0249,ACC0140,SR003,LS004,Lumora Opportunity 0249,Closed Lost,Closed Lost,5500.00,0.00,2026-05-20 09:00:00+00,2026-05-23 09:00:00+00,2026-05-25 09:00:00+00,2026-05-30 09:00:00+00,2026-07-03,2026-07-03 09:00:00+00,2026-06-30 09:00:00+00,,2026-05-20 15:00:00+00,2026-05-21 09:00:00+00,Competitor selected,2026-08-30 15:44:41.343854+00,2026-07-03 10:00:00+00
DL0250,ACC0018,SR004,LS005,Lumora Opportunity 0250,Closed Won,Closed Won,40000.00,100.00,2025-09-04 09:00:00+00,2025-09-07 09:00:00+00,2025-09-09 09:00:00+00,2025-09-14 09:00:00+00,2025-10-23,2025-10-23 09:00:00+00,2025-10-20 09:00:00+00,,2025-09-04 15:00:00+00,2025-09-05 09:00:00+00,,2026-08-30 15:44:41.343854+00,2025-10-23 10:00:00+00
DL0251,ACC0046,SR005,LS006,Lumora Opportunity 0251,Closed Lost,Closed Lost,40000.00,0.00,2025-09-21 09:00:00+00,2025-09-24 09:00:00+00,2025-09-26 09:00:00+00,2025-10-01 09:00:00+00,2025-11-14,2025-11-14 09:00:00+00,2025-11-11 09:00:00+00,,2025-09-21 15:00:00+00,2025-09-22 09:00:00+00,Competitor selected,2026-08-30 15:44:41.343854+00,2025-11-14 10:00:00+00
DL0252,ACC0074,SR006,LS007,Lumora Opportunity 0252,Closed Lost,Closed Lost,40000.00,0.00,2025-10-08 09:00:00+00,2025-10-11 09:00:00+00,2025-10-13 09:00:00+00,2025-10-18 09:00:00+00,2025-12-06,2025-12-06 09:00:00+00,2025-12-03 09:00:00+00,,2025-10-08 15:00:00+00,2025-10-09 09:00:00+00,Competitor selected,2026-08-30 15:44:41.343854+00,2025-12-06 10:00:00+00
DL0253,ACC0150,SR001,LS001,Lumora Opportunity 0253,Closed Won,Closed Won,6000.00,100.00,2026-04-21 09:00:00+00,2026-04-24 09:00:00+00,2026-04-26 09:00:00+00,2026-05-01 09:00:00+00,2026-06-01,2026-06-01 09:00:00+00,2026-05-28 09:00:00+00,,2026-04-21 15:00:00+00,2026-04-22 09:00:00+00,,2026-08-30 15:44:41.343854+00,2026-06-01 10:00:00+00
DL0254,ACC0028,SR002,LS002,Lumora Opportunity 0254,Closed Lost,Closed Lost,6000.00,0.00,2026-05-08 09:00:00+00,2026-05-11 09:00:00+00,2026-05-13 09:00:00+00,2026-05-18 09:00:00+00,2026-06-23,2026-06-23 09:00:00+00,2026-06-19 09:00:00+00,,2026-05-08 15:00:00+00,2026-05-09 09:00:00+00,Budget unavailable,2026-08-30 15:44:41.343854+00,2026-06-23 10:00:00+00
DL0255,ACC0056,SR003,LS003,Lumora Opportunity 0255,Closed Lost,Closed Lost,6000.00,0.00,2026-05-25 09:00:00+00,2026-05-28 09:00:00+00,2026-05-30 09:00:00+00,2026-06-04 09:00:00+00,2026-07-15,2026-07-15 09:00:00+00,2026-07-11 09:00:00+00,,2026-05-25 15:00:00+00,2026-05-26 09:00:00+00,Budget unavailable,2026-08-30 15:44:41.343854+00,2026-07-15 10:00:00+00
DL0256,ACC0084,SR004,LS004,Lumora Opportunity 0256,Closed Won,Closed Won,14000.00,100.00,2025-09-09 09:00:00+00,2025-09-12 09:00:00+00,2025-09-14 09:00:00+00,2025-09-19 09:00:00+00,2025-11-04,2025-11-04 09:00:00+00,2025-10-31 09:00:00+00,,2025-09-09 15:00:00+00,2025-09-10 09:00:00+00,,2026-08-30 15:44:41.343854+00,2025-11-04 10:00:00+00
DL0257,ACC0112,SR005,LS005,Lumora Opportunity 0257,Closed Lost,Closed Lost,14000.00,0.00,2025-09-26 09:00:00+00,2025-09-29 09:00:00+00,2025-10-01 09:00:00+00,2025-10-06 09:00:00+00,2025-11-26,2025-11-26 09:00:00+00,2025-11-22 09:00:00+00,,2025-09-26 15:00:00+00,2025-09-27 09:00:00+00,Budget unavailable,2026-08-30 15:44:41.343854+00,2025-11-26 10:00:00+00
DL0258,ACC0140,SR006,LS006,Lumora Opportunity 0258,Closed Lost,Closed Lost,14000.00,0.00,2025-10-13 09:00:00+00,2025-10-16 09:00:00+00,2025-10-18 09:00:00+00,2025-10-23 09:00:00+00,2025-12-18,2025-12-18 09:00:00+00,2025-12-14 09:00:00+00,,2025-10-13 15:00:00+00,2025-10-14 09:00:00+00,Budget unavailable,2026-08-30 15:44:41.343854+00,2025-12-18 10:00:00+00
DL0259,ACC0066,SR001,LS007,Lumora Opportunity 0259,Closed Won,Closed Won,15000.00,100.00,2026-04-26 09:00:00+00,2026-04-29 09:00:00+00,2026-05-01 09:00:00+00,2026-05-06 09:00:00+00,2026-06-13,2026-06-13 09:00:00+00,2026-06-08 09:00:00+00,,2026-04-26 15:00:00+00,2026-04-27 09:00:00+00,,2026-08-30 15:44:41.343854+00,2026-06-13 10:00:00+00
DL0260,ACC0094,SR002,LS001,Lumora Opportunity 0260,Closed Lost,Closed Lost,15000.00,0.00,2026-05-13 09:00:00+00,2026-05-16 09:00:00+00,2026-05-18 09:00:00+00,2026-05-23 09:00:00+00,2026-07-05,2026-07-05 09:00:00+00,2026-06-30 09:00:00+00,,2026-05-13 15:00:00+00,2026-05-14 09:00:00+00,Timing changed,2026-08-30 15:44:41.343854+00,2026-07-05 10:00:00+00
DL0261,ACC0122,SR003,LS002,Lumora Opportunity 0261,Closed Lost,Closed Lost,15000.00,0.00,2026-05-30 09:00:00+00,2026-06-02 09:00:00+00,2026-06-04 09:00:00+00,2026-06-09 09:00:00+00,2026-07-27,2026-07-27 09:00:00+00,2026-07-22 09:00:00+00,,2026-05-30 15:00:00+00,2026-05-31 09:00:00+00,Timing changed,2026-08-30 15:44:41.343854+00,2026-07-27 10:00:00+00
DL0262,ACC0150,SR004,LS003,Lumora Opportunity 0262,Closed Won,Closed Won,15000.00,100.00,2025-09-14 09:00:00+00,2025-09-17 09:00:00+00,2025-09-19 09:00:00+00,2025-09-24 09:00:00+00,2025-11-16,2025-11-16 09:00:00+00,2025-11-11 09:00:00+00,,2025-09-14 15:00:00+00,2025-09-15 09:00:00+00,,2026-08-30 15:44:41.343854+00,2025-11-16 10:00:00+00
DL0263,ACC0028,SR005,LS004,Lumora Opportunity 0263,Closed Lost,Closed Lost,15000.00,0.00,2025-10-01 09:00:00+00,2025-10-04 09:00:00+00,2025-10-06 09:00:00+00,2025-10-11 09:00:00+00,2025-12-08,2025-12-08 09:00:00+00,2025-12-03 09:00:00+00,,2025-10-01 15:00:00+00,2025-10-02 09:00:00+00,Timing changed,2026-08-30 15:44:41.343854+00,2025-12-08 10:00:00+00
DL0264,ACC0006,SR006,LS005,Lumora Opportunity 0264,Closed Lost,Closed Lost,15000.00,0.00,2025-10-18 09:00:00+00,2025-10-21 09:00:00+00,2025-10-23 09:00:00+00,2025-10-28 09:00:00+00,2025-12-30,2025-12-30 09:00:00+00,2025-12-25 09:00:00+00,,2025-10-18 15:00:00+00,2025-10-19 09:00:00+00,Timing changed,2026-08-30 15:44:41.343854+00,2025-12-30 10:00:00+00
DL0265,ACC0132,SR001,LS006,Lumora Opportunity 0265,Closed Won,Closed Won,7000.00,100.00,2026-05-01 09:00:00+00,2026-05-04 09:00:00+00,2026-05-06 09:00:00+00,2026-05-11 09:00:00+00,2026-06-25,2026-06-25 09:00:00+00,2026-06-24 09:00:00+00,,2026-05-01 15:00:00+00,2026-05-02 09:00:00+00,,2026-08-30 15:44:41.343854+00,2026-06-25 10:00:00+00
DL0266,ACC0010,SR002,LS007,Lumora Opportunity 0266,Closed Lost,Closed Lost,7000.00,0.00,2026-05-18 09:00:00+00,2026-05-21 09:00:00+00,2026-05-23 09:00:00+00,2026-05-28 09:00:00+00,2026-07-17,2026-07-17 09:00:00+00,2026-07-16 09:00:00+00,,2026-05-18 15:00:00+00,2026-05-19 09:00:00+00,Price too high,2026-08-30 15:44:41.343854+00,2026-07-17 10:00:00+00
DL0267,ACC0038,SR003,LS001,Lumora Opportunity 0267,Closed Lost,Closed Lost,7000.00,0.00,2025-09-02 09:00:00+00,2025-09-05 09:00:00+00,2025-09-07 09:00:00+00,2025-09-12 09:00:00+00,2025-11-06,2025-11-06 09:00:00+00,2025-11-05 09:00:00+00,,2025-09-02 15:00:00+00,2025-09-03 09:00:00+00,Price too high,2026-08-30 15:44:41.343854+00,2025-11-06 10:00:00+00
DL0268,ACC0016,SR004,LS002,Lumora Opportunity 0268,Closed Won,Closed Won,22000.00,100.00,2025-09-19 09:00:00+00,2025-09-22 09:00:00+00,2025-09-24 09:00:00+00,2025-09-29 09:00:00+00,2025-11-28,2025-11-28 09:00:00+00,2025-11-27 09:00:00+00,,2025-09-19 15:00:00+00,2025-09-20 09:00:00+00,,2026-08-30 15:44:41.343854+00,2025-11-28 10:00:00+00
DL0269,ACC0044,SR005,LS003,Lumora Opportunity 0269,Closed Lost,Closed Lost,22000.00,0.00,2025-10-06 09:00:00+00,2025-10-09 09:00:00+00,2025-10-11 09:00:00+00,2025-10-16 09:00:00+00,2025-12-20,2025-12-20 09:00:00+00,2025-12-19 09:00:00+00,,2025-10-06 15:00:00+00,2025-10-07 09:00:00+00,Price too high,2026-08-30 15:44:41.343854+00,2025-12-20 10:00:00+00
DL0270,ACC0072,SR006,LS004,Lumora Opportunity 0270,Closed Lost,Closed Lost,22000.00,0.00,2025-10-23 09:00:00+00,2025-10-26 09:00:00+00,2025-10-28 09:00:00+00,2025-11-02 09:00:00+00,2026-01-11,2026-01-11 09:00:00+00,2026-01-10 09:00:00+00,,2025-10-23 15:00:00+00,2025-10-24 09:00:00+00,Price too high,2026-08-30 15:44:41.343854+00,2026-01-11 10:00:00+00
DL0271,ACC0048,SR001,LS005,Lumora Opportunity 0271,Closed Lost,Closed Lost,7500.00,0.00,2026-05-06 09:00:00+00,2026-05-09 09:00:00+00,2026-05-11 09:00:00+00,2026-05-16 09:00:00+00,2026-07-07,2026-07-07 09:00:00+00,2026-07-05 09:00:00+00,,2026-05-06 15:00:00+00,2026-05-07 09:00:00+00,Competitor selected,2026-08-30 15:44:41.343854+00,2026-07-07 10:00:00+00
DL0272,ACC0026,SR002,LS006,Lumora Opportunity 0272,Closed Lost,Closed Lost,7500.00,0.00,2026-05-23 09:00:00+00,2026-05-26 09:00:00+00,2026-05-28 09:00:00+00,2026-06-02 09:00:00+00,2026-07-29,2026-07-29 09:00:00+00,2026-07-27 09:00:00+00,,2026-05-23 15:00:00+00,2026-05-24 09:00:00+00,Competitor selected,2026-08-30 15:44:41.343854+00,2026-07-29 10:00:00+00
DL0273,ACC0054,SR003,LS007,Lumora Opportunity 0273,Closed Lost,Closed Lost,7500.00,0.00,2025-09-07 09:00:00+00,2025-09-10 09:00:00+00,2025-09-12 09:00:00+00,2025-09-17 09:00:00+00,2025-11-18,2025-11-18 09:00:00+00,2025-11-16 09:00:00+00,,2025-09-07 15:00:00+00,2025-09-08 09:00:00+00,Competitor selected,2026-08-30 15:44:41.343854+00,2025-11-18 10:00:00+00
DL0274,ACC0082,SR004,LS001,Lumora Opportunity 0274,Closed Won,Closed Won,17000.00,100.00,2025-09-24 09:00:00+00,2025-09-27 09:00:00+00,2025-09-29 09:00:00+00,2025-10-04 09:00:00+00,2025-12-10,2025-12-10 09:00:00+00,2025-12-08 09:00:00+00,,2025-09-24 15:00:00+00,2025-09-25 09:00:00+00,,2026-08-30 15:44:41.343854+00,2025-12-10 10:00:00+00
DL0275,ACC0110,SR005,LS002,Lumora Opportunity 0275,Closed Lost,Closed Lost,17000.00,0.00,2025-10-11 09:00:00+00,2025-10-14 09:00:00+00,2025-10-16 09:00:00+00,2025-10-21 09:00:00+00,2026-01-01,2026-01-01 09:00:00+00,2025-12-30 09:00:00+00,,2025-10-11 15:00:00+00,2025-10-12 09:00:00+00,Competitor selected,2026-08-30 15:44:41.343854+00,2026-01-01 10:00:00+00
DL0276,ACC0138,SR006,LS003,Lumora Opportunity 0276,Closed Lost,Closed Lost,17000.00,0.00,2025-10-28 09:00:00+00,2025-10-31 09:00:00+00,2025-11-02 09:00:00+00,2025-11-07 09:00:00+00,2025-11-14,2025-11-14 09:00:00+00,2025-11-12 09:00:00+00,,2025-10-28 15:00:00+00,2025-10-29 09:00:00+00,Competitor selected,2026-08-30 15:44:41.343854+00,2025-11-14 10:00:00+00
DL0277,ACC0064,SR001,LS004,Lumora Opportunity 0277,Closed Lost,Closed Lost,8000.00,0.00,2026-05-11 09:00:00+00,2026-05-14 09:00:00+00,2026-05-16 09:00:00+00,2026-05-21 09:00:00+00,2026-07-19,2026-07-19 09:00:00+00,2026-07-16 09:00:00+00,,2026-05-11 15:00:00+00,2026-05-12 09:00:00+00,Budget unavailable,2026-08-30 15:44:41.343854+00,2026-07-19 10:00:00+00
DL0278,ACC0092,SR002,LS005,Lumora Opportunity 0278,Closed Lost,Closed Lost,8000.00,0.00,2026-05-28 09:00:00+00,2026-05-31 09:00:00+00,2026-06-02 09:00:00+00,2026-06-07 09:00:00+00,2026-08-10,2026-08-10 09:00:00+00,2026-08-07 09:00:00+00,,2026-05-28 15:00:00+00,2026-05-29 09:00:00+00,Budget unavailable,2026-08-30 15:44:41.343854+00,2026-08-10 10:00:00+00
DL0279,ACC0120,SR003,LS006,Lumora Opportunity 0279,Closed Lost,Closed Lost,8000.00,0.00,2025-09-12 09:00:00+00,2025-09-15 09:00:00+00,2025-09-17 09:00:00+00,2025-09-22 09:00:00+00,2025-11-30,2025-11-30 09:00:00+00,2025-11-27 09:00:00+00,,2025-09-12 15:00:00+00,2025-09-13 09:00:00+00,Budget unavailable,2026-08-30 15:44:41.343854+00,2025-11-30 10:00:00+00
DL0280,ACC0148,SR004,LS007,Lumora Opportunity 0280,Closed Won,Closed Won,18000.00,100.00,2025-09-29 09:00:00+00,2025-10-02 09:00:00+00,2025-10-04 09:00:00+00,2025-10-09 09:00:00+00,2025-12-22,2025-12-22 09:00:00+00,2025-12-19 09:00:00+00,,2025-09-29 15:00:00+00,2025-09-30 09:00:00+00,,2026-08-30 15:44:41.343854+00,2025-12-22 10:00:00+00
DL0281,ACC0026,SR005,LS001,Lumora Opportunity 0281,Closed Lost,Closed Lost,18000.00,0.00,2025-10-16 09:00:00+00,2025-10-19 09:00:00+00,2025-10-21 09:00:00+00,2025-10-26 09:00:00+00,2025-11-04,2025-11-04 09:00:00+00,2025-11-01 09:00:00+00,,2025-10-16 15:00:00+00,2025-10-17 09:00:00+00,Budget unavailable,2026-08-30 15:44:41.343854+00,2025-11-04 10:00:00+00
DL0282,ACC0054,SR006,LS002,Lumora Opportunity 0282,Closed Lost,Closed Lost,18000.00,0.00,2025-11-02 09:00:00+00,2025-11-05 09:00:00+00,2025-11-07 09:00:00+00,2025-11-12 09:00:00+00,2025-11-26,2025-11-26 09:00:00+00,2025-11-23 09:00:00+00,,2025-11-02 15:00:00+00,2025-11-03 09:00:00+00,Budget unavailable,2026-08-30 15:44:41.343854+00,2025-11-26 10:00:00+00
DL0283,ACC0130,SR001,LS003,Lumora Opportunity 0283,Closed Lost,Closed Lost,19000.00,0.00,2026-05-16 09:00:00+00,2026-05-19 09:00:00+00,2026-05-21 09:00:00+00,2026-05-26 09:00:00+00,2026-07-31,2026-07-31 09:00:00+00,2026-07-27 09:00:00+00,,2026-05-17 17:00:00+00,2026-05-17 09:00:00+00,Timing changed,2026-08-30 15:44:41.343854+00,2026-07-31 10:00:00+00
DL0284,ACC0008,SR002,LS004,Lumora Opportunity 0284,Closed Lost,Closed Lost,19000.00,0.00,2026-06-02 09:00:00+00,2026-06-05 09:00:00+00,2026-06-07 09:00:00+00,2026-06-12 09:00:00+00,2026-08-22,2026-08-22 09:00:00+00,2026-08-18 09:00:00+00,,2026-06-03 17:00:00+00,2026-06-03 09:00:00+00,Timing changed,2026-08-30 15:44:41.343854+00,2026-08-22 10:00:00+00
DL0285,ACC0036,SR003,LS005,Lumora Opportunity 0285,Closed Lost,Closed Lost,19000.00,0.00,2025-09-17 09:00:00+00,2025-09-20 09:00:00+00,2025-09-22 09:00:00+00,2025-09-27 09:00:00+00,2025-10-03,2025-10-03 09:00:00+00,2025-09-29 09:00:00+00,,2025-09-18 17:00:00+00,2025-09-18 09:00:00+00,Timing changed,2026-08-30 15:44:41.343854+00,2025-10-03 10:00:00+00
DL0286,ACC0064,SR004,LS006,Lumora Opportunity 0286,Closed Won,Closed Won,26500.00,100.00,2025-10-04 09:00:00+00,2025-10-07 09:00:00+00,2025-10-09 09:00:00+00,2025-10-14 09:00:00+00,2025-10-25,2025-10-25 09:00:00+00,2025-10-21 09:00:00+00,,2025-10-05 17:00:00+00,2025-10-05 09:00:00+00,,2026-08-30 15:44:41.343854+00,2025-10-25 10:00:00+00
DL0287,ACC0092,SR005,LS007,Lumora Opportunity 0287,Closed Lost,Closed Lost,26500.00,0.00,2025-10-21 09:00:00+00,2025-10-24 09:00:00+00,2025-10-26 09:00:00+00,2025-10-31 09:00:00+00,2025-11-16,2025-11-16 09:00:00+00,2025-11-12 09:00:00+00,,2025-10-22 17:00:00+00,2025-10-22 09:00:00+00,Timing changed,2026-08-30 15:44:41.343854+00,2025-11-16 10:00:00+00
DL0288,ACC0120,SR006,LS001,Lumora Opportunity 0288,Closed Lost,Closed Lost,26500.00,0.00,2025-11-07 09:00:00+00,2025-11-10 09:00:00+00,2025-11-12 09:00:00+00,2025-11-17 09:00:00+00,2025-12-08,2025-12-08 09:00:00+00,2025-12-04 09:00:00+00,,2025-11-08 17:00:00+00,2025-11-08 09:00:00+00,Timing changed,2026-08-30 15:44:41.343854+00,2025-12-08 10:00:00+00
DL0289,ACC0046,SR001,LS002,Lumora Opportunity 0289,Closed Lost,Closed Lost,9000.00,0.00,2026-05-21 09:00:00+00,2026-05-24 09:00:00+00,2026-05-26 09:00:00+00,2026-05-31 09:00:00+00,2026-08-12,2026-08-12 09:00:00+00,2026-08-07 09:00:00+00,,2026-05-21 15:00:00+00,2026-05-22 09:00:00+00,Price too high,2026-08-30 15:44:41.343854+00,2026-08-12 10:00:00+00
DL0290,ACC0074,SR002,LS003,Lumora Opportunity 0290,Closed Lost,Closed Lost,9000.00,0.00,2025-09-05 09:00:00+00,2025-09-08 09:00:00+00,2025-09-10 09:00:00+00,2025-09-15 09:00:00+00,2025-09-23,2025-09-23 09:00:00+00,2025-09-18 09:00:00+00,,2025-09-05 15:00:00+00,2025-09-06 09:00:00+00,Price too high,2026-08-30 15:44:41.343854+00,2025-09-23 10:00:00+00
DL0291,ACC0102,SR003,LS004,Lumora Opportunity 0291,Closed Lost,Closed Lost,9000.00,0.00,2025-09-22 09:00:00+00,2025-09-25 09:00:00+00,2025-09-27 09:00:00+00,2025-10-02 09:00:00+00,2025-10-15,2025-10-15 09:00:00+00,2025-10-10 09:00:00+00,,2025-09-22 15:00:00+00,2025-09-23 09:00:00+00,Price too high,2026-08-30 15:44:41.343854+00,2025-10-15 10:00:00+00
DL0292,ACC0130,SR004,LS005,Lumora Opportunity 0292,Closed Won,Closed Won,20000.00,100.00,2025-10-09 09:00:00+00,2025-10-12 09:00:00+00,2025-10-14 09:00:00+00,2025-10-19 09:00:00+00,2025-11-06,2025-11-06 09:00:00+00,2025-11-01 09:00:00+00,,2025-10-09 15:00:00+00,2025-10-10 09:00:00+00,,2026-08-30 15:44:41.343854+00,2025-11-06 10:00:00+00
DL0293,ACC0008,SR005,LS006,Lumora Opportunity 0293,Closed Lost,Closed Lost,20000.00,0.00,2025-10-26 09:00:00+00,2025-10-29 09:00:00+00,2025-10-31 09:00:00+00,2025-11-05 09:00:00+00,2025-11-28,2025-11-28 09:00:00+00,2025-11-23 09:00:00+00,,2025-10-26 15:00:00+00,2025-10-27 09:00:00+00,Price too high,2026-08-30 15:44:41.343854+00,2025-11-28 10:00:00+00
DL0294,ACC0036,SR006,LS007,Lumora Opportunity 0294,Closed Lost,Closed Lost,20000.00,0.00,2025-11-12 09:00:00+00,2025-11-15 09:00:00+00,2025-11-17 09:00:00+00,2025-11-22 09:00:00+00,2025-12-20,2025-12-20 09:00:00+00,2025-12-15 09:00:00+00,,2025-11-12 15:00:00+00,2025-11-13 09:00:00+00,Price too high,2026-08-30 15:44:41.343854+00,2025-12-20 10:00:00+00
DL0295,ACC0112,SR001,LS001,Lumora Opportunity 0295,Closed Lost,Closed Lost,4500.00,0.00,2026-05-26 09:00:00+00,2026-05-29 09:00:00+00,2026-05-31 09:00:00+00,2026-06-05 09:00:00+00,2026-06-15,2026-06-15 09:00:00+00,2026-06-14 09:00:00+00,,2026-05-26 15:00:00+00,2026-05-27 09:00:00+00,Competitor selected,2026-08-30 15:44:41.343854+00,2026-06-15 10:00:00+00
DL0296,ACC0140,SR002,LS002,Lumora Opportunity 0296,Closed Lost,Closed Lost,4500.00,0.00,2025-09-10 09:00:00+00,2025-09-13 09:00:00+00,2025-09-15 09:00:00+00,2025-09-20 09:00:00+00,2025-10-05,2025-10-05 09:00:00+00,2025-10-04 09:00:00+00,,2025-09-10 15:00:00+00,2025-09-11 09:00:00+00,Competitor selected,2026-08-30 15:44:41.343854+00,2025-10-05 10:00:00+00
DL0297,ACC0018,SR003,LS003,Lumora Opportunity 0297,Closed Lost,Closed Lost,4500.00,0.00,2025-09-27 09:00:00+00,2025-09-30 09:00:00+00,2025-10-02 09:00:00+00,2025-10-07 09:00:00+00,2025-10-27,2025-10-27 09:00:00+00,2025-10-26 09:00:00+00,,2025-09-27 15:00:00+00,2025-09-28 09:00:00+00,Competitor selected,2026-08-30 15:44:41.343854+00,2025-10-27 10:00:00+00
DL0298,ACC0046,SR004,LS004,Lumora Opportunity 0298,Closed Won,Closed Won,21000.00,100.00,2025-10-14 09:00:00+00,2025-10-17 09:00:00+00,2025-10-19 09:00:00+00,2025-10-24 09:00:00+00,2025-11-18,2025-11-18 09:00:00+00,2025-11-17 09:00:00+00,,2025-10-14 15:00:00+00,2025-10-15 09:00:00+00,,2026-08-30 15:44:41.343854+00,2025-11-18 10:00:00+00
DL0299,ACC0074,SR005,LS005,Lumora Opportunity 0299,Closed Lost,Closed Lost,21000.00,0.00,2025-10-31 09:00:00+00,2025-11-03 09:00:00+00,2025-11-05 09:00:00+00,2025-11-10 09:00:00+00,2025-12-10,2025-12-10 09:00:00+00,2025-12-09 09:00:00+00,,2025-10-31 15:00:00+00,2025-11-01 09:00:00+00,Competitor selected,2026-08-30 15:44:41.343854+00,2025-12-10 10:00:00+00
DL0300,ACC0102,SR006,LS006,Lumora Opportunity 0300,Closed Lost,Closed Lost,21000.00,0.00,2025-11-17 09:00:00+00,2025-11-20 09:00:00+00,2025-11-22 09:00:00+00,2025-11-27 09:00:00+00,2026-01-01,2026-01-01 09:00:00+00,2025-12-31 09:00:00+00,,2025-11-17 15:00:00+00,2025-11-18 09:00:00+00,Competitor selected,2026-08-30 15:44:41.343854+00,2026-01-01 10:00:00+00
DL0301,ACC0028,SR001,LS007,Lumora Opportunity 0301,Closed Lost,Closed Lost,5000.00,0.00,2026-05-31 09:00:00+00,2026-06-03 09:00:00+00,2026-06-05 09:00:00+00,2026-06-10 09:00:00+00,2026-06-27,2026-06-27 09:00:00+00,2026-06-25 09:00:00+00,,2026-05-31 15:00:00+00,2026-06-01 09:00:00+00,Budget unavailable,2026-08-30 15:44:41.343854+00,2026-06-27 10:00:00+00
DL0302,ACC0056,SR002,LS001,Lumora Opportunity 0302,Closed Lost,Closed Lost,5000.00,0.00,2025-09-15 09:00:00+00,2025-09-18 09:00:00+00,2025-09-20 09:00:00+00,2025-09-25 09:00:00+00,2025-10-17,2025-10-17 09:00:00+00,2025-10-15 09:00:00+00,,2025-09-15 15:00:00+00,2025-09-16 09:00:00+00,Budget unavailable,2026-08-30 15:44:41.343854+00,2025-10-17 10:00:00+00
DL0303,ACC0084,SR003,LS002,Lumora Opportunity 0303,Closed Lost,Closed Lost,5000.00,0.00,2025-10-02 09:00:00+00,2025-10-05 09:00:00+00,2025-10-07 09:00:00+00,2025-10-12 09:00:00+00,2025-11-08,2025-11-08 09:00:00+00,2025-11-06 09:00:00+00,,2025-10-02 15:00:00+00,2025-10-03 09:00:00+00,Budget unavailable,2026-08-30 15:44:41.343854+00,2025-11-08 10:00:00+00
DL0304,ACC0112,SR004,LS003,Lumora Opportunity 0304,Closed Lost,Closed Lost,31000.00,0.00,2025-10-19 09:00:00+00,2025-10-22 09:00:00+00,2025-10-24 09:00:00+00,2025-10-29 09:00:00+00,2025-11-30,2025-11-30 09:00:00+00,2025-11-28 09:00:00+00,,2025-10-19 15:00:00+00,2025-10-20 09:00:00+00,Budget unavailable,2026-08-30 15:44:41.343854+00,2025-11-30 10:00:00+00
DL0305,ACC0140,SR005,LS004,Lumora Opportunity 0305,Closed Lost,Closed Lost,31000.00,0.00,2025-11-05 09:00:00+00,2025-11-08 09:00:00+00,2025-11-10 09:00:00+00,2025-11-15 09:00:00+00,2025-12-22,2025-12-22 09:00:00+00,2025-12-20 09:00:00+00,,2025-11-05 15:00:00+00,2025-11-06 09:00:00+00,Budget unavailable,2026-08-30 15:44:41.343854+00,2025-12-22 10:00:00+00
DL0306,ACC0018,SR006,LS005,Lumora Opportunity 0306,Closed Lost,Closed Lost,31000.00,0.00,2025-11-22 09:00:00+00,2025-11-25 09:00:00+00,2025-11-27 09:00:00+00,2025-12-02 09:00:00+00,2026-01-13,2026-01-13 09:00:00+00,2026-01-11 09:00:00+00,,2025-11-22 15:00:00+00,2025-11-23 09:00:00+00,Budget unavailable,2026-08-30 15:44:41.343854+00,2026-01-13 10:00:00+00
DL0307,ACC0094,SR001,LS006,Lumora Opportunity 0307,Closed Lost,Closed Lost,10000.00,0.00,2025-09-03 09:00:00+00,2025-09-06 09:00:00+00,2025-09-08 09:00:00+00,2025-09-13 09:00:00+00,2025-10-07,2025-10-07 09:00:00+00,2025-10-04 09:00:00+00,,2025-09-03 15:00:00+00,2025-09-04 09:00:00+00,,2026-08-30 15:44:41.343854+00,2025-10-07 10:00:00+00
DL0308,ACC0122,SR002,LS007,Lumora Opportunity 0308,Closed Lost,Closed Lost,10000.00,0.00,2025-09-20 09:00:00+00,2025-09-23 09:00:00+00,2025-09-25 09:00:00+00,2025-09-30 09:00:00+00,2025-10-29,2025-10-29 09:00:00+00,2025-10-26 09:00:00+00,,2025-09-20 15:00:00+00,2025-09-21 09:00:00+00,,2026-08-30 15:44:41.343854+00,2025-10-29 10:00:00+00
DL0309,ACC0150,SR003,LS001,Lumora Opportunity 0309,Closed Lost,Closed Lost,10000.00,0.00,2025-10-07 09:00:00+00,2025-10-10 09:00:00+00,2025-10-12 09:00:00+00,2025-10-17 09:00:00+00,2025-11-20,2025-11-20 09:00:00+00,2025-11-17 09:00:00+00,,2025-10-07 15:00:00+00,2025-10-08 09:00:00+00,,2026-08-30 15:44:41.343854+00,2025-11-20 10:00:00+00
DL0310,ACC0028,SR004,LS002,Lumora Opportunity 0310,Closed Lost,Closed Lost,10000.00,0.00,2025-10-24 09:00:00+00,2025-10-27 09:00:00+00,2025-10-29 09:00:00+00,2025-11-03 09:00:00+00,2025-12-12,2025-12-12 09:00:00+00,2025-12-09 09:00:00+00,,2025-10-24 15:00:00+00,2025-10-25 09:00:00+00,,2026-08-30 15:44:41.343854+00,2025-12-12 10:00:00+00
DL0311,ACC0006,SR005,LS003,Lumora Opportunity 0311,Closed Lost,Closed Lost,10000.00,0.00,2025-11-10 09:00:00+00,2025-11-13 09:00:00+00,2025-11-15 09:00:00+00,2025-11-20 09:00:00+00,2026-01-03,2026-01-03 09:00:00+00,2025-12-31 09:00:00+00,,2025-11-10 15:00:00+00,2025-11-11 09:00:00+00,,2026-08-30 15:44:41.343854+00,2026-01-03 10:00:00+00
DL0312,ACC0034,SR006,LS004,Lumora Opportunity 0312,Closed Lost,Closed Lost,10000.00,0.00,2025-11-27 09:00:00+00,2025-11-30 09:00:00+00,2025-12-02 09:00:00+00,2025-12-07 09:00:00+00,2026-01-25,2026-01-25 09:00:00+00,2026-01-22 09:00:00+00,,2025-11-27 15:00:00+00,2025-11-28 09:00:00+00,,2026-08-30 15:44:41.343854+00,2026-01-25 10:00:00+00
DL0313,ACC0010,SR001,LS005,Lumora Opportunity 0313,Closed Lost,Closed Lost,6000.00,0.00,2025-09-08 09:00:00+00,2025-09-11 09:00:00+00,2025-09-13 09:00:00+00,2025-09-18 09:00:00+00,2025-10-19,2025-10-19 09:00:00+00,2025-10-15 09:00:00+00,,2025-09-08 15:00:00+00,2025-09-09 09:00:00+00,Price too high,2026-08-30 15:44:41.343854+00,2025-10-19 10:00:00+00
DL0314,ACC0038,SR002,LS006,Lumora Opportunity 0314,Closed Lost,Closed Lost,6000.00,0.00,2025-09-25 09:00:00+00,2025-09-28 09:00:00+00,2025-09-30 09:00:00+00,2025-10-05 09:00:00+00,2025-11-10,2025-11-10 09:00:00+00,2025-11-06 09:00:00+00,,2025-09-25 15:00:00+00,2025-09-26 09:00:00+00,Price too high,2026-08-30 15:44:41.343854+00,2025-11-10 10:00:00+00
DL0315,ACC0016,SR003,LS007,Lumora Opportunity 0315,Closed Lost,Closed Lost,6000.00,0.00,2025-10-12 09:00:00+00,2025-10-15 09:00:00+00,2025-10-17 09:00:00+00,2025-10-22 09:00:00+00,2025-12-02,2025-12-02 09:00:00+00,2025-11-28 09:00:00+00,,2025-10-12 15:00:00+00,2025-10-13 09:00:00+00,Price too high,2026-08-30 15:44:41.343854+00,2025-12-02 10:00:00+00
DL0316,ACC0044,SR004,LS001,Lumora Opportunity 0316,Closed Lost,Closed Lost,11000.00,0.00,2025-10-29 09:00:00+00,2025-11-01 09:00:00+00,2025-11-03 09:00:00+00,2025-11-08 09:00:00+00,2025-12-24,2025-12-24 09:00:00+00,2025-12-20 09:00:00+00,,2025-10-29 15:00:00+00,2025-10-30 09:00:00+00,Price too high,2026-08-30 15:44:41.343854+00,2025-12-24 10:00:00+00
DL0317,ACC0072,SR005,LS002,Lumora Opportunity 0317,Closed Lost,Closed Lost,11000.00,0.00,2025-11-15 09:00:00+00,2025-11-18 09:00:00+00,2025-11-20 09:00:00+00,2025-11-25 09:00:00+00,2026-01-15,2026-01-15 09:00:00+00,2026-01-11 09:00:00+00,,2025-11-15 15:00:00+00,2025-11-16 09:00:00+00,Price too high,2026-08-30 15:44:41.343854+00,2026-01-15 10:00:00+00
DL0318,ACC0100,SR006,LS003,Lumora Opportunity 0318,Closed Lost,Closed Lost,11000.00,0.00,2025-12-02 09:00:00+00,2025-12-05 09:00:00+00,2025-12-07 09:00:00+00,2025-12-12 09:00:00+00,2026-02-06,2026-02-06 09:00:00+00,2026-02-02 09:00:00+00,,2025-12-02 15:00:00+00,2025-12-03 09:00:00+00,Price too high,2026-08-30 15:44:41.343854+00,2026-02-06 10:00:00+00
DL0319,ACC0026,SR001,LS004,Lumora Opportunity 0319,Closed Lost,Closed Lost,6500.00,0.00,2025-09-13 09:00:00+00,2025-09-16 09:00:00+00,2025-09-18 09:00:00+00,2025-09-23 09:00:00+00,2025-10-31,2025-10-31 09:00:00+00,2025-10-26 09:00:00+00,,2025-09-13 15:00:00+00,2025-09-14 09:00:00+00,Competitor selected,2026-08-30 15:44:41.343854+00,2025-10-31 10:00:00+00
DL0320,ACC0054,SR002,LS005,Lumora Opportunity 0320,Closed Lost,Closed Lost,6500.00,0.00,2025-09-30 09:00:00+00,2025-10-03 09:00:00+00,2025-10-05 09:00:00+00,2025-10-10 09:00:00+00,2025-11-22,2025-11-22 09:00:00+00,2025-11-17 09:00:00+00,,2025-09-30 15:00:00+00,2025-10-01 09:00:00+00,Competitor selected,2026-08-30 15:44:41.343854+00,2025-11-22 10:00:00+00
DL0321,ACC0082,SR003,LS006,Lumora Opportunity 0321,Closed Lost,Closed Lost,6500.00,0.00,2025-10-17 09:00:00+00,2025-10-20 09:00:00+00,2025-10-22 09:00:00+00,2025-10-27 09:00:00+00,2025-12-14,2025-12-14 09:00:00+00,2025-12-09 09:00:00+00,,2025-10-17 15:00:00+00,2025-10-18 09:00:00+00,Competitor selected,2026-08-30 15:44:41.343854+00,2025-12-14 10:00:00+00
DL0322,ACC0110,SR004,LS007,Lumora Opportunity 0322,Closed Lost,Closed Lost,35500.00,0.00,2025-11-03 09:00:00+00,2025-11-06 09:00:00+00,2025-11-08 09:00:00+00,2025-11-13 09:00:00+00,2026-01-05,2026-01-05 09:00:00+00,2025-12-31 09:00:00+00,,2025-11-03 15:00:00+00,2025-11-04 09:00:00+00,Competitor selected,2026-08-30 15:44:41.343854+00,2026-01-05 10:00:00+00
DL0323,ACC0138,SR005,LS001,Lumora Opportunity 0323,Closed Lost,Closed Lost,35500.00,0.00,2025-11-20 09:00:00+00,2025-11-23 09:00:00+00,2025-11-25 09:00:00+00,2025-11-30 09:00:00+00,2026-01-27,2026-01-27 09:00:00+00,2026-01-22 09:00:00+00,,2025-11-20 15:00:00+00,2025-11-21 09:00:00+00,Competitor selected,2026-08-30 15:44:41.343854+00,2026-01-27 10:00:00+00
DL0324,ACC0016,SR006,LS002,Lumora Opportunity 0324,Closed Lost,Closed Lost,35500.00,0.00,2025-12-07 09:00:00+00,2025-12-10 09:00:00+00,2025-12-12 09:00:00+00,2025-12-17 09:00:00+00,2026-02-18,2026-02-18 09:00:00+00,2026-02-13 09:00:00+00,,2025-12-07 15:00:00+00,2025-12-08 09:00:00+00,Competitor selected,2026-08-30 15:44:41.343854+00,2026-02-18 10:00:00+00
DL0325,ACC0092,SR001,LS003,Lumora Opportunity 0325,Closed Lost,Closed Lost,7000.00,0.00,2025-09-18 09:00:00+00,2025-09-21 09:00:00+00,2025-09-23 09:00:00+00,2025-09-28 09:00:00+00,2025-11-12,2025-11-12 09:00:00+00,2025-11-11 09:00:00+00,,2025-09-18 15:00:00+00,2025-09-19 09:00:00+00,Budget unavailable,2026-08-30 15:44:41.343854+00,2025-11-12 10:00:00+00
DL0326,ACC0120,SR002,LS004,Lumora Opportunity 0326,Closed Lost,Closed Lost,7000.00,0.00,2025-10-05 09:00:00+00,2025-10-08 09:00:00+00,2025-10-10 09:00:00+00,2025-10-15 09:00:00+00,2025-12-04,2025-12-04 09:00:00+00,2025-12-03 09:00:00+00,,2025-10-05 15:00:00+00,2025-10-06 09:00:00+00,Budget unavailable,2026-08-30 15:44:41.343854+00,2025-12-04 10:00:00+00
DL0327,ACC0148,SR003,LS005,Lumora Opportunity 0327,Closed Lost,Closed Lost,7000.00,0.00,2025-10-22 09:00:00+00,2025-10-25 09:00:00+00,2025-10-27 09:00:00+00,2025-11-01 09:00:00+00,2025-12-26,2025-12-26 09:00:00+00,2025-12-25 09:00:00+00,,2025-10-22 15:00:00+00,2025-10-23 09:00:00+00,Budget unavailable,2026-08-30 15:44:41.343854+00,2025-12-26 10:00:00+00
DL0328,ACC0026,SR004,LS006,Lumora Opportunity 0328,Closed Lost,Closed Lost,13000.00,0.00,2025-11-08 09:00:00+00,2025-11-11 09:00:00+00,2025-11-13 09:00:00+00,2025-11-18 09:00:00+00,2026-01-17,2026-01-17 09:00:00+00,2026-01-16 09:00:00+00,,2025-11-08 15:00:00+00,2025-11-09 09:00:00+00,Budget unavailable,2026-08-30 15:44:41.343854+00,2026-01-17 10:00:00+00
DL0329,ACC0054,SR005,LS007,Lumora Opportunity 0329,Closed Lost,Closed Lost,13000.00,0.00,2025-11-25 09:00:00+00,2025-11-28 09:00:00+00,2025-11-30 09:00:00+00,2025-12-05 09:00:00+00,2026-02-08,2026-02-08 09:00:00+00,2026-02-07 09:00:00+00,,2025-11-25 15:00:00+00,2025-11-26 09:00:00+00,Budget unavailable,2026-08-30 15:44:41.343854+00,2026-02-08 10:00:00+00
DL0330,ACC0082,SR006,LS001,Lumora Opportunity 0330,Closed Lost,Closed Lost,13000.00,0.00,2025-12-12 09:00:00+00,2025-12-15 09:00:00+00,2025-12-17 09:00:00+00,2025-12-22 09:00:00+00,2026-03-02,2026-03-02 09:00:00+00,2026-03-01 09:00:00+00,,2025-12-12 15:00:00+00,2025-12-13 09:00:00+00,Budget unavailable,2026-08-30 15:44:41.343854+00,2026-03-02 10:00:00+00
DL0331,ACC0008,SR001,LS002,Lumora Opportunity 0331,Closed Lost,Closed Lost,14000.00,0.00,2025-09-23 09:00:00+00,2025-09-26 09:00:00+00,2025-09-28 09:00:00+00,2025-10-03 09:00:00+00,2025-11-24,2025-11-24 09:00:00+00,2025-11-22 09:00:00+00,,2025-09-24 17:00:00+00,2025-09-24 09:00:00+00,Timing changed,2026-08-30 15:44:41.343854+00,2025-11-24 10:00:00+00
DL0332,ACC0036,SR002,LS003,Lumora Opportunity 0332,Closed Lost,Closed Lost,14000.00,0.00,2025-10-10 09:00:00+00,2025-10-13 09:00:00+00,2025-10-15 09:00:00+00,2025-10-20 09:00:00+00,2025-12-16,2025-12-16 09:00:00+00,2025-12-14 09:00:00+00,,2025-10-11 17:00:00+00,2025-10-11 09:00:00+00,Timing changed,2026-08-30 15:44:41.343854+00,2025-12-16 10:00:00+00
DL0333,ACC0064,SR003,LS004,Lumora Opportunity 0333,Closed Lost,Closed Lost,14000.00,0.00,2025-10-27 09:00:00+00,2025-10-30 09:00:00+00,2025-11-01 09:00:00+00,2025-11-06 09:00:00+00,2026-01-07,2026-01-07 09:00:00+00,2026-01-05 09:00:00+00,,2025-10-28 17:00:00+00,2025-10-28 09:00:00+00,Timing changed,2026-08-30 15:44:41.343854+00,2026-01-07 10:00:00+00
DL0334,ACC0092,SR004,LS005,Lumora Opportunity 0334,Closed Lost,Closed Lost,14000.00,0.00,2025-11-13 09:00:00+00,2025-11-16 09:00:00+00,2025-11-18 09:00:00+00,2025-11-23 09:00:00+00,2026-01-29,2026-01-29 09:00:00+00,2026-01-27 09:00:00+00,,2025-11-14 17:00:00+00,2025-11-14 09:00:00+00,Timing changed,2026-08-30 15:44:41.343854+00,2026-01-29 10:00:00+00
DL0335,ACC0120,SR005,LS006,Lumora Opportunity 0335,Closed Lost,Closed Lost,14000.00,0.00,2025-11-30 09:00:00+00,2025-12-03 09:00:00+00,2025-12-05 09:00:00+00,2025-12-10 09:00:00+00,2026-02-20,2026-02-20 09:00:00+00,2026-02-18 09:00:00+00,,2025-12-01 17:00:00+00,2025-12-01 09:00:00+00,Timing changed,2026-08-30 15:44:41.343854+00,2026-02-20 10:00:00+00
DL0336,ACC0148,SR006,LS007,Lumora Opportunity 0336,Closed Lost,Closed Lost,14000.00,0.00,2025-12-17 09:00:00+00,2025-12-20 09:00:00+00,2025-12-22 09:00:00+00,2025-12-27 09:00:00+00,2026-01-03,2026-01-03 09:00:00+00,2026-01-01 09:00:00+00,,2025-12-18 17:00:00+00,2025-12-18 09:00:00+00,Timing changed,2026-08-30 15:44:41.343854+00,2026-01-03 10:00:00+00
DL0337,ACC0074,SR001,LS001,Lumora Opportunity 0337,Closed Lost,Closed Lost,8000.00,0.00,2025-09-28 09:00:00+00,2025-10-01 09:00:00+00,2025-10-03 09:00:00+00,2025-10-08 09:00:00+00,2025-12-06,2025-12-06 09:00:00+00,2025-12-03 09:00:00+00,,2025-09-28 15:00:00+00,2025-09-29 09:00:00+00,Price too high,2026-08-30 15:44:41.343854+00,2025-12-06 10:00:00+00
DL0338,ACC0102,SR002,LS002,Lumora Opportunity 0338,Closed Lost,Closed Lost,8000.00,0.00,2025-10-15 09:00:00+00,2025-10-18 09:00:00+00,2025-10-20 09:00:00+00,2025-10-25 09:00:00+00,2025-12-28,2025-12-28 09:00:00+00,2025-12-25 09:00:00+00,,2025-10-15 15:00:00+00,2025-10-16 09:00:00+00,Price too high,2026-08-30 15:44:41.343854+00,2025-12-28 10:00:00+00
DL0339,ACC0130,SR003,LS003,Lumora Opportunity 0339,Closed Lost,Closed Lost,8000.00,0.00,2025-11-01 09:00:00+00,2025-11-04 09:00:00+00,2025-11-06 09:00:00+00,2025-11-11 09:00:00+00,2026-01-19,2026-01-19 09:00:00+00,2026-01-16 09:00:00+00,,2025-11-01 15:00:00+00,2025-11-02 09:00:00+00,Price too high,2026-08-30 15:44:41.343854+00,2026-01-19 10:00:00+00
DL0340,ACC0008,SR004,LS004,Lumora Opportunity 0340,Closed Lost,Closed Lost,40000.00,0.00,2025-11-18 09:00:00+00,2025-11-21 09:00:00+00,2025-11-23 09:00:00+00,2025-11-28 09:00:00+00,2026-02-10,2026-02-10 09:00:00+00,2026-02-07 09:00:00+00,,2025-11-18 15:00:00+00,2025-11-19 09:00:00+00,Price too high,2026-08-30 15:44:41.343854+00,2026-02-10 10:00:00+00
DL0341,ACC0036,SR005,LS005,Lumora Opportunity 0341,Closed Lost,Closed Lost,40000.00,0.00,2025-12-05 09:00:00+00,2025-12-08 09:00:00+00,2025-12-10 09:00:00+00,2025-12-15 09:00:00+00,2025-12-24,2025-12-24 09:00:00+00,2025-12-21 09:00:00+00,,2025-12-05 15:00:00+00,2025-12-06 09:00:00+00,Price too high,2026-08-30 15:44:41.343854+00,2025-12-24 10:00:00+00
DL0342,ACC0064,SR006,LS006,Lumora Opportunity 0342,Closed Lost,Closed Lost,40000.00,0.00,2025-12-22 09:00:00+00,2025-12-25 09:00:00+00,2025-12-27 09:00:00+00,2026-01-01 09:00:00+00,2026-01-15,2026-01-15 09:00:00+00,2026-01-12 09:00:00+00,,2025-12-22 15:00:00+00,2025-12-23 09:00:00+00,Price too high,2026-08-30 15:44:41.343854+00,2026-01-15 10:00:00+00
DL0343,ACC0140,SR001,LS000,Lumora Opportunity 0343,Closed Lost,Closed Lost,8500.00,0.00,2025-10-03 09:00:00+00,2025-10-06 09:00:00+00,2025-10-08 09:00:00+00,2025-10-13 09:00:00+00,2025-12-18,2025-12-18 09:00:00+00,2025-12-14 09:00:00+00,,2025-10-03 15:00:00+00,2025-10-04 09:00:00+00,Competitor selected,2026-08-30 15:44:41.343854+00,2025-12-18 10:00:00+00
DL0344,ACC0018,SR002,LS000,Lumora Opportunity 0344,Closed Lost,Closed Lost,8500.00,0.00,2025-10-20 09:00:00+00,2025-10-23 09:00:00+00,2025-10-25 09:00:00+00,2025-10-30 09:00:00+00,2026-01-09,2026-01-09 09:00:00+00,2026-01-05 09:00:00+00,,2025-10-20 15:00:00+00,2025-10-21 09:00:00+00,Competitor selected,2026-08-30 15:44:41.343854+00,2026-01-09 10:00:00+00
DL0345,ACC0046,SR003,LS000,Lumora Opportunity 0345,Closed Lost,Closed Lost,8500.00,0.00,2025-11-06 09:00:00+00,2025-11-09 09:00:00+00,2025-11-11 09:00:00+00,2025-11-16 09:00:00+00,2025-11-22,2025-11-22 09:00:00+00,2025-11-18 09:00:00+00,,2025-11-06 15:00:00+00,2025-11-07 09:00:00+00,Competitor selected,2026-08-30 15:44:41.343854+00,2025-11-22 10:00:00+00
DL0346,ACC0074,SR004,LS000,Lumora Opportunity 0346,Closed Lost,Closed Lost,16000.00,0.00,2025-11-23 09:00:00+00,2025-11-26 09:00:00+00,2025-11-28 09:00:00+00,2025-12-03 09:00:00+00,2025-12-14,2025-12-14 09:00:00+00,2025-12-10 09:00:00+00,,2025-11-23 15:00:00+00,2025-11-24 09:00:00+00,Competitor selected,2026-08-30 15:44:41.343854+00,2025-12-14 10:00:00+00
DL0347,ACC0102,SR005,LS000,Lumora Opportunity 0347,Closed Lost,Closed Lost,16000.00,0.00,2025-12-10 09:00:00+00,2025-12-13 09:00:00+00,2025-12-15 09:00:00+00,2025-12-20 09:00:00+00,2026-01-05,2026-01-05 09:00:00+00,2026-01-01 09:00:00+00,,2025-12-10 15:00:00+00,2025-12-11 09:00:00+00,Competitor selected,2026-08-30 15:44:41.343854+00,2026-01-05 10:00:00+00
DL0348,ACC0130,SR006,LS000,Lumora Opportunity 0348,Closed Lost,Closed Lost,16000.00,0.00,2025-12-27 09:00:00+00,2025-12-30 09:00:00+00,2026-01-01 09:00:00+00,2026-01-06 09:00:00+00,2026-01-27,2026-01-27 09:00:00+00,2026-01-23 09:00:00+00,,2025-12-27 15:00:00+00,2025-12-28 09:00:00+00,Competitor selected,2026-08-30 15:44:41.343854+00,2026-01-27 10:00:00+00
DL0349,ACC0056,SR001,LS006,Lumora Opportunity 0349,Closed Lost,Closed Lost,9000.00,0.00,2025-10-08 09:00:00+00,2025-10-11 09:00:00+00,2025-10-13 09:00:00+00,2025-10-18 09:00:00+00,2025-12-30,2025-12-30 09:00:00+00,2025-12-25 09:00:00+00,,2025-10-08 15:00:00+00,2025-10-09 09:00:00+00,Budget unavailable,2026-08-30 15:44:41.343854+00,2025-12-30 10:00:00+00
DL0350,ACC0084,SR002,LS007,Lumora Opportunity 0350,Closed Lost,Closed Lost,9000.00,0.00,2025-10-25 09:00:00+00,2025-10-28 09:00:00+00,2025-10-30 09:00:00+00,2025-11-04 09:00:00+00,2025-11-12,2025-11-12 09:00:00+00,2025-11-07 09:00:00+00,,2025-10-25 15:00:00+00,2025-10-26 09:00:00+00,Budget unavailable,2026-08-30 15:44:41.343854+00,2025-11-12 10:00:00+00
DL0351,ACC0112,SR003,LS001,Lumora Opportunity 0351,Closed Lost,Closed Lost,9000.00,0.00,2025-11-11 09:00:00+00,2025-11-14 09:00:00+00,2025-11-16 09:00:00+00,2025-11-21 09:00:00+00,2025-12-04,2025-12-04 09:00:00+00,2025-11-29 09:00:00+00,,2025-11-11 15:00:00+00,2025-11-12 09:00:00+00,Budget unavailable,2026-08-30 15:44:41.343854+00,2025-12-04 10:00:00+00
DL0352,ACC0140,SR004,LS002,Lumora Opportunity 0352,Closed Lost,Closed Lost,17000.00,0.00,2025-11-28 09:00:00+00,2025-12-01 09:00:00+00,2025-12-03 09:00:00+00,2025-12-08 09:00:00+00,2025-12-26,2025-12-26 09:00:00+00,2025-12-21 09:00:00+00,,2025-11-28 15:00:00+00,2025-11-29 09:00:00+00,Budget unavailable,2026-08-30 15:44:41.343854+00,2025-12-26 10:00:00+00
DL0353,ACC0018,SR005,LS003,Lumora Opportunity 0353,Closed Lost,Closed Lost,17000.00,0.00,2025-12-15 09:00:00+00,2025-12-18 09:00:00+00,2025-12-20 09:00:00+00,2025-12-25 09:00:00+00,2026-01-17,2026-01-17 09:00:00+00,2026-01-12 09:00:00+00,,2025-12-15 15:00:00+00,2025-12-16 09:00:00+00,Budget unavailable,2026-08-30 15:44:41.343854+00,2026-01-17 10:00:00+00
DL0354,ACC0046,SR006,LS004,Lumora Opportunity 0354,Closed Lost,Closed Lost,17000.00,0.00,2026-01-01 09:00:00+00,2026-01-04 09:00:00+00,2026-01-06 09:00:00+00,2026-01-11 09:00:00+00,2026-02-08,2026-02-08 09:00:00+00,2026-02-03 09:00:00+00,,2026-01-01 15:00:00+00,2026-01-02 09:00:00+00,Budget unavailable,2026-08-30 15:44:41.343854+00,2026-02-08 10:00:00+00
DL0355,ACC0122,SR001,LS005,Lumora Opportunity 0355,Closed Lost,Closed Lost,18000.00,0.00,2025-10-13 09:00:00+00,2025-10-16 09:00:00+00,2025-10-18 09:00:00+00,2025-10-23 09:00:00+00,2025-11-02,2025-11-02 09:00:00+00,2025-11-01 09:00:00+00,,2025-10-13 15:00:00+00,2025-10-14 09:00:00+00,Timing changed,2026-08-30 15:44:41.343854+00,2025-11-02 10:00:00+00
DL0356,ACC0150,SR002,LS006,Lumora Opportunity 0356,Closed Lost,Closed Lost,18000.00,0.00,2025-10-30 09:00:00+00,2025-11-02 09:00:00+00,2025-11-04 09:00:00+00,2025-11-09 09:00:00+00,2025-11-24,2025-11-24 09:00:00+00,2025-11-23 09:00:00+00,,2025-10-30 15:00:00+00,2025-10-31 09:00:00+00,Timing changed,2026-08-30 15:44:41.343854+00,2025-11-24 10:00:00+00
DL0357,ACC0028,SR003,LS007,Lumora Opportunity 0357,Closed Lost,Closed Lost,18000.00,0.00,2025-11-16 09:00:00+00,2025-11-19 09:00:00+00,2025-11-21 09:00:00+00,2025-11-26 09:00:00+00,2025-12-16,2025-12-16 09:00:00+00,2025-12-15 09:00:00+00,,2025-11-16 15:00:00+00,2025-11-17 09:00:00+00,Timing changed,2026-08-30 15:44:41.343854+00,2025-12-16 10:00:00+00
DL0358,ACC0006,SR004,LS001,Lumora Opportunity 0358,Closed Lost,Closed Lost,22000.00,0.00,2025-12-03 09:00:00+00,2025-12-06 09:00:00+00,2025-12-08 09:00:00+00,2025-12-13 09:00:00+00,2026-01-07,2026-01-07 09:00:00+00,2026-01-06 09:00:00+00,,2025-12-03 15:00:00+00,2025-12-04 09:00:00+00,Timing changed,2026-08-30 15:44:41.343854+00,2026-01-07 10:00:00+00
DL0359,ACC0034,SR005,LS002,Lumora Opportunity 0359,Closed Lost,Closed Lost,22000.00,0.00,2025-12-20 09:00:00+00,2025-12-23 09:00:00+00,2025-12-25 09:00:00+00,2025-12-30 09:00:00+00,2026-01-29,2026-01-29 09:00:00+00,2026-01-28 09:00:00+00,,2025-12-20 15:00:00+00,2025-12-21 09:00:00+00,Timing changed,2026-08-30 15:44:41.343854+00,2026-01-29 10:00:00+00
DL0360,ACC0062,SR006,LS003,Lumora Opportunity 0360,Closed Lost,Closed Lost,22000.00,0.00,2026-01-06 09:00:00+00,2026-01-09 09:00:00+00,2026-01-11 09:00:00+00,2026-01-16 09:00:00+00,2026-02-20,2026-02-20 09:00:00+00,2026-02-19 09:00:00+00,,2026-01-06 15:00:00+00,2026-01-07 09:00:00+00,Timing changed,2026-08-30 15:44:41.343854+00,2026-02-20 10:00:00+00
DL0361,ACC0038,SR001,LS004,Lumora Opportunity 0361,Closed Lost,Closed Lost,5000.00,0.00,2025-10-18 09:00:00+00,2025-10-21 09:00:00+00,2025-10-23 09:00:00+00,2025-10-28 09:00:00+00,2025-11-14,2025-11-14 09:00:00+00,2025-11-12 09:00:00+00,,2025-10-18 15:00:00+00,2025-10-19 09:00:00+00,Price too high,2026-08-30 15:44:41.343854+00,2025-11-14 10:00:00+00
DL0362,ACC0016,SR002,LS005,Lumora Opportunity 0362,Closed Lost,Closed Lost,5000.00,0.00,2025-11-04 09:00:00+00,2025-11-07 09:00:00+00,2025-11-09 09:00:00+00,2025-11-14 09:00:00+00,2025-12-06,2025-12-06 09:00:00+00,2025-12-04 09:00:00+00,,2025-11-04 15:00:00+00,2025-11-05 09:00:00+00,Price too high,2026-08-30 15:44:41.343854+00,2025-12-06 10:00:00+00
DL0363,ACC0044,SR003,LS006,Lumora Opportunity 0363,Closed Lost,Closed Lost,5000.00,0.00,2025-11-21 09:00:00+00,2025-11-24 09:00:00+00,2025-11-26 09:00:00+00,2025-12-01 09:00:00+00,2025-12-28,2025-12-28 09:00:00+00,2025-12-26 09:00:00+00,,2025-11-21 15:00:00+00,2025-11-22 09:00:00+00,Price too high,2026-08-30 15:44:41.343854+00,2025-12-28 10:00:00+00
DL0364,ACC0072,SR004,LS007,Lumora Opportunity 0364,Closed Lost,Closed Lost,19000.00,0.00,2025-12-08 09:00:00+00,2025-12-11 09:00:00+00,2025-12-13 09:00:00+00,2025-12-18 09:00:00+00,2026-01-19,2026-01-19 09:00:00+00,2026-01-17 09:00:00+00,,2025-12-08 15:00:00+00,2025-12-09 09:00:00+00,Price too high,2026-08-30 15:44:41.343854+00,2026-01-19 10:00:00+00
DL0365,ACC0100,SR005,LS001,Lumora Opportunity 0365,Closed Lost,Closed Lost,19000.00,0.00,2025-12-25 09:00:00+00,2025-12-28 09:00:00+00,2025-12-30 09:00:00+00,2026-01-04 09:00:00+00,2026-02-10,2026-02-10 09:00:00+00,2026-02-08 09:00:00+00,,2025-12-25 15:00:00+00,2025-12-26 09:00:00+00,Price too high,2026-08-30 15:44:41.343854+00,2026-02-10 10:00:00+00
DL0366,ACC0128,SR006,LS002,Lumora Opportunity 0366,Closed Lost,Closed Lost,19000.00,0.00,2026-01-11 09:00:00+00,2026-01-14 09:00:00+00,2026-01-16 09:00:00+00,2026-01-21 09:00:00+00,2026-03-04,2026-03-04 09:00:00+00,2026-03-02 09:00:00+00,,2026-01-11 15:00:00+00,2026-01-12 09:00:00+00,Price too high,2026-08-30 15:44:41.343854+00,2026-03-04 10:00:00+00
DL0367,ACC0054,SR001,LS003,Lumora Opportunity 0367,Closed Lost,Closed Lost,5500.00,0.00,2025-10-23 09:00:00+00,2025-10-26 09:00:00+00,2025-10-28 09:00:00+00,2025-11-02 09:00:00+00,2025-11-26,2025-11-26 09:00:00+00,2025-11-23 09:00:00+00,,2025-10-23 15:00:00+00,2025-10-24 09:00:00+00,Competitor selected,2026-08-30 15:44:41.343854+00,2025-11-26 10:00:00+00
DL0368,ACC0082,SR002,LS004,Lumora Opportunity 0368,Closed Lost,Closed Lost,5500.00,0.00,2025-11-09 09:00:00+00,2025-11-12 09:00:00+00,2025-11-14 09:00:00+00,2025-11-19 09:00:00+00,2025-12-18,2025-12-18 09:00:00+00,2025-12-15 09:00:00+00,,2025-11-09 15:00:00+00,2025-11-10 09:00:00+00,Competitor selected,2026-08-30 15:44:41.343854+00,2025-12-18 10:00:00+00
DL0369,ACC0110,SR003,LS005,Lumora Opportunity 0369,Closed Lost,Closed Lost,5500.00,0.00,2025-11-26 09:00:00+00,2025-11-29 09:00:00+00,2025-12-01 09:00:00+00,2025-12-06 09:00:00+00,2026-01-09,2026-01-09 09:00:00+00,2026-01-06 09:00:00+00,,2025-11-26 15:00:00+00,2025-11-27 09:00:00+00,Competitor selected,2026-08-30 15:44:41.343854+00,2026-01-09 10:00:00+00
DL0370,ACC0138,SR004,LS006,Lumora Opportunity 0370,Closed Lost,Closed Lost,20000.00,0.00,2025-12-13 09:00:00+00,2025-12-16 09:00:00+00,2025-12-18 09:00:00+00,2025-12-23 09:00:00+00,2026-01-31,2026-01-31 09:00:00+00,2026-01-28 09:00:00+00,,2025-12-13 15:00:00+00,2025-12-14 09:00:00+00,Competitor selected,2026-08-30 15:44:41.343854+00,2026-01-31 10:00:00+00
DL0371,ACC0016,SR005,LS007,Lumora Opportunity 0371,Closed Lost,Closed Lost,20000.00,0.00,2025-12-30 09:00:00+00,2026-01-02 09:00:00+00,2026-01-04 09:00:00+00,2026-01-09 09:00:00+00,2026-02-22,2026-02-22 09:00:00+00,2026-02-19 09:00:00+00,,2025-12-30 15:00:00+00,2025-12-31 09:00:00+00,Competitor selected,2026-08-30 15:44:41.343854+00,2026-02-22 10:00:00+00
DL0372,ACC0044,SR006,LS001,Lumora Opportunity 0372,Closed Lost,Closed Lost,20000.00,0.00,2026-01-16 09:00:00+00,2026-01-19 09:00:00+00,2026-01-21 09:00:00+00,2026-01-26 09:00:00+00,2026-03-16,2026-03-16 09:00:00+00,2026-03-13 09:00:00+00,,2026-01-16 15:00:00+00,2026-01-17 09:00:00+00,Competitor selected,2026-08-30 15:44:41.343854+00,2026-03-16 10:00:00+00
DL0373,ACC0120,SR001,LS002,Lumora Opportunity 0373,Closed Lost,Closed Lost,6000.00,0.00,2025-10-28 09:00:00+00,2025-10-31 09:00:00+00,2025-11-02 09:00:00+00,2025-11-07 09:00:00+00,2025-12-08,2025-12-08 09:00:00+00,2025-12-04 09:00:00+00,,2025-10-28 15:00:00+00,2025-10-29 09:00:00+00,Budget unavailable,2026-08-30 15:44:41.343854+00,2025-12-08 10:00:00+00
DL0374,ACC0148,SR002,LS003,Lumora Opportunity 0374,Closed Lost,Closed Lost,6000.00,0.00,2025-11-14 09:00:00+00,2025-11-17 09:00:00+00,2025-11-19 09:00:00+00,2025-11-24 09:00:00+00,2025-12-30,2025-12-30 09:00:00+00,2025-12-26 09:00:00+00,,2025-11-14 15:00:00+00,2025-11-15 09:00:00+00,Budget unavailable,2026-08-30 15:44:41.343854+00,2025-12-30 10:00:00+00
DL0375,ACC0026,SR003,LS004,Lumora Opportunity 0375,Closed Lost,Closed Lost,6000.00,0.00,2025-12-01 09:00:00+00,2025-12-04 09:00:00+00,2025-12-06 09:00:00+00,2025-12-11 09:00:00+00,2026-01-21,2026-01-21 09:00:00+00,2026-01-17 09:00:00+00,,2025-12-01 15:00:00+00,2025-12-02 09:00:00+00,Budget unavailable,2026-08-30 15:44:41.343854+00,2026-01-21 10:00:00+00
DL0376,ACC0054,SR004,LS005,Lumora Opportunity 0376,Closed Lost,Closed Lost,26500.00,0.00,2025-12-18 09:00:00+00,2025-12-21 09:00:00+00,2025-12-23 09:00:00+00,2025-12-28 09:00:00+00,2026-02-12,2026-02-12 09:00:00+00,2026-02-08 09:00:00+00,,2025-12-18 15:00:00+00,2025-12-19 09:00:00+00,Budget unavailable,2026-08-30 15:44:41.343854+00,2026-02-12 10:00:00+00
DL0377,ACC0082,SR005,LS006,Lumora Opportunity 0377,Closed Lost,Closed Lost,26500.00,0.00,2026-01-04 09:00:00+00,2026-01-07 09:00:00+00,2026-01-09 09:00:00+00,2026-01-14 09:00:00+00,2026-03-06,2026-03-06 09:00:00+00,2026-03-02 09:00:00+00,,2026-01-04 15:00:00+00,2026-01-05 09:00:00+00,Budget unavailable,2026-08-30 15:44:41.343854+00,2026-03-06 10:00:00+00
DL0378,ACC0110,SR006,LS007,Lumora Opportunity 0378,Closed Lost,Closed Lost,26500.00,0.00,2026-01-21 09:00:00+00,2026-01-24 09:00:00+00,2026-01-26 09:00:00+00,2026-01-31 09:00:00+00,2026-03-28,2026-03-28 09:00:00+00,2026-03-24 09:00:00+00,,2026-01-21 15:00:00+00,2026-01-22 09:00:00+00,Budget unavailable,2026-08-30 15:44:41.343854+00,2026-03-28 10:00:00+00
DL0379,ACC0036,SR001,LS001,Lumora Opportunity 0379,Closed Lost,Closed Lost,22000.00,0.00,2025-11-02 09:00:00+00,2025-11-05 09:00:00+00,2025-11-07 09:00:00+00,2025-11-12 09:00:00+00,2025-12-20,2025-12-20 09:00:00+00,2025-12-15 09:00:00+00,,2025-11-03 17:00:00+00,2025-11-03 09:00:00+00,Timing changed,2026-08-30 15:44:41.343854+00,2025-12-20 10:00:00+00
DL0380,ACC0064,SR002,LS002,Lumora Opportunity 0380,Closed Lost,Closed Lost,22000.00,0.00,2025-11-19 09:00:00+00,2025-11-22 09:00:00+00,2025-11-24 09:00:00+00,2025-11-29 09:00:00+00,2026-01-11,2026-01-11 09:00:00+00,2026-01-06 09:00:00+00,,2025-11-20 17:00:00+00,2025-11-20 09:00:00+00,Timing changed,2026-08-30 15:44:41.343854+00,2026-01-11 10:00:00+00
DL0381,ACC0092,SR003,LS003,Lumora Opportunity 0381,Closed Lost,Closed Lost,22000.00,0.00,2025-12-06 09:00:00+00,2025-12-09 09:00:00+00,2025-12-11 09:00:00+00,2025-12-16 09:00:00+00,2026-02-02,2026-02-02 09:00:00+00,2026-01-28 09:00:00+00,,2025-12-07 17:00:00+00,2025-12-07 09:00:00+00,Timing changed,2026-08-30 15:44:41.343854+00,2026-02-02 10:00:00+00
DL0382,ACC0120,SR004,LS004,Lumora Opportunity 0382,Closed Lost,Closed Lost,22000.00,0.00,2025-12-23 09:00:00+00,2025-12-26 09:00:00+00,2025-12-28 09:00:00+00,2026-01-02 09:00:00+00,2026-02-24,2026-02-24 09:00:00+00,2026-02-19 09:00:00+00,,2025-12-24 17:00:00+00,2025-12-24 09:00:00+00,Timing changed,2026-08-30 15:44:41.343854+00,2026-02-24 10:00:00+00
DL0383,ACC0148,SR005,LS005,Lumora Opportunity 0383,Closed Lost,Closed Lost,22000.00,0.00,2026-01-09 09:00:00+00,2026-01-12 09:00:00+00,2026-01-14 09:00:00+00,2026-01-19 09:00:00+00,2026-03-18,2026-03-18 09:00:00+00,2026-03-13 09:00:00+00,,2026-01-10 17:00:00+00,2026-01-10 09:00:00+00,Timing changed,2026-08-30 15:44:41.343854+00,2026-03-18 10:00:00+00
DL0384,ACC0026,SR006,LS006,Lumora Opportunity 0384,Closed Lost,Closed Lost,22000.00,0.00,2026-01-26 09:00:00+00,2026-01-29 09:00:00+00,2026-01-31 09:00:00+00,2026-02-05 09:00:00+00,2026-04-09,2026-04-09 09:00:00+00,2026-04-04 09:00:00+00,,2026-01-27 17:00:00+00,2026-01-27 09:00:00+00,Timing changed,2026-08-30 15:44:41.343854+00,2026-04-09 10:00:00+00
DL0385,ACC0102,SR001,LS007,Lumora Opportunity 0385,Closed Lost,Closed Lost,7000.00,0.00,2025-11-07 09:00:00+00,2025-11-10 09:00:00+00,2025-11-12 09:00:00+00,2025-11-17 09:00:00+00,2026-01-01,2026-01-01 09:00:00+00,2025-12-31 09:00:00+00,,2025-11-07 15:00:00+00,2025-11-08 09:00:00+00,,2026-08-30 15:44:41.343854+00,2026-01-01 10:00:00+00
DL0386,ACC0130,SR002,LS001,Lumora Opportunity 0386,Closed Lost,Closed Lost,7000.00,0.00,2025-11-24 09:00:00+00,2025-11-27 09:00:00+00,2025-11-29 09:00:00+00,2025-12-04 09:00:00+00,2026-01-23,2026-01-23 09:00:00+00,2026-01-22 09:00:00+00,,2025-11-24 15:00:00+00,2025-11-25 09:00:00+00,,2026-08-30 15:44:41.343854+00,2026-01-23 10:00:00+00
DL0387,ACC0008,SR003,LS002,Lumora Opportunity 0387,Closed Lost,Closed Lost,7000.00,0.00,2025-12-11 09:00:00+00,2025-12-14 09:00:00+00,2025-12-16 09:00:00+00,2025-12-21 09:00:00+00,2026-02-14,2026-02-14 09:00:00+00,2026-02-13 09:00:00+00,,2025-12-11 15:00:00+00,2025-12-12 09:00:00+00,,2026-08-30 15:44:41.343854+00,2026-02-14 10:00:00+00
DL0388,ACC0036,SR004,LS003,Lumora Opportunity 0388,Closed Lost,Closed Lost,10000.00,0.00,2025-12-28 09:00:00+00,2025-12-31 09:00:00+00,2026-01-02 09:00:00+00,2026-01-07 09:00:00+00,2026-03-08,2026-03-08 09:00:00+00,2026-03-07 09:00:00+00,,2025-12-28 15:00:00+00,2025-12-29 09:00:00+00,,2026-08-30 15:44:41.343854+00,2026-03-08 10:00:00+00
DL0389,ACC0064,SR005,LS004,Lumora Opportunity 0389,Closed Lost,Closed Lost,10000.00,0.00,2026-01-14 09:00:00+00,2026-01-17 09:00:00+00,2026-01-19 09:00:00+00,2026-01-24 09:00:00+00,2026-03-30,2026-03-30 09:00:00+00,2026-03-29 09:00:00+00,,2026-01-14 15:00:00+00,2026-01-15 09:00:00+00,,2026-08-30 15:44:41.343854+00,2026-03-30 10:00:00+00
DL0390,ACC0092,SR006,LS005,Lumora Opportunity 0390,Closed Lost,Closed Lost,10000.00,0.00,2026-01-31 09:00:00+00,2026-02-03 09:00:00+00,2026-02-05 09:00:00+00,2026-02-10 09:00:00+00,2026-04-21,2026-04-21 09:00:00+00,2026-04-20 09:00:00+00,,2026-01-31 15:00:00+00,2026-02-01 09:00:00+00,,2026-08-30 15:44:41.343854+00,2026-04-21 10:00:00+00
DL0391,ACC0018,SR001,LS006,Lumora Opportunity 0391,Closed Lost,Closed Lost,7500.00,0.00,2025-11-12 09:00:00+00,2025-11-15 09:00:00+00,2025-11-17 09:00:00+00,2025-11-22 09:00:00+00,2026-01-13,2026-01-13 09:00:00+00,2026-01-11 09:00:00+00,,2025-11-12 15:00:00+00,2025-11-13 09:00:00+00,Competitor selected,2026-08-30 15:44:41.343854+00,2026-01-13 10:00:00+00
DL0392,ACC0046,SR002,LS007,Lumora Opportunity 0392,Proposal Sent,,8500.00,60.00,2026-06-15 09:00:00+00,2026-06-18 09:00:00+00,2026-06-20 09:00:00+00,2026-06-25 09:00:00+00,2026-10-28,,2026-08-23 00:00:00+00,,2026-06-15 15:00:00+00,2026-06-16 09:00:00+00,Competitor selected,2026-08-30 15:44:41.343854+00,2026-08-31 19:11:15.189318+00
DL0393,ACC0074,SR003,LS001,Lumora Opportunity 0393,Closed Lost,Closed Lost,7500.00,0.00,2025-12-16 09:00:00+00,2025-12-19 09:00:00+00,2025-12-21 09:00:00+00,2025-12-26 09:00:00+00,2026-02-26,2026-02-26 09:00:00+00,2026-02-24 09:00:00+00,,2025-12-16 15:00:00+00,2025-12-17 09:00:00+00,Competitor selected,2026-08-30 15:44:41.343854+00,2026-02-26 10:00:00+00
DL0394,ACC0102,SR004,LS002,Lumora Opportunity 0394,Closed Lost,Closed Lost,31000.00,0.00,2026-01-02 09:00:00+00,2026-01-05 09:00:00+00,2026-01-07 09:00:00+00,2026-01-12 09:00:00+00,2026-03-20,2026-03-20 09:00:00+00,2026-03-18 09:00:00+00,,2026-01-02 15:00:00+00,2026-01-03 09:00:00+00,Competitor selected,2026-08-30 15:44:41.343854+00,2026-03-20 10:00:00+00
DL0395,ACC0130,SR005,LS003,Lumora Opportunity 0395,Closed Lost,Closed Lost,31000.00,0.00,2026-01-19 09:00:00+00,2026-01-22 09:00:00+00,2026-01-24 09:00:00+00,2026-01-29 09:00:00+00,2026-04-11,2026-04-11 09:00:00+00,2026-04-09 09:00:00+00,,2026-01-19 15:00:00+00,2026-01-20 09:00:00+00,Competitor selected,2026-08-30 15:44:41.343854+00,2026-04-11 10:00:00+00
DL0396,ACC0008,SR006,LS004,Lumora Opportunity 0396,Proposal Sent,,31000.00,60.00,2026-07-29 09:00:00+00,2026-08-01 09:00:00+00,2026-08-03 09:00:00+00,2026-08-08 09:00:00+00,2026-08-22,,2026-08-23 00:00:00+00,,2026-07-29 15:00:00+00,2026-07-30 09:00:00+00,Competitor selected,2026-08-30 15:44:41.343854+00,2026-08-23 01:00:00+00
DL0397,ACC0084,SR001,LS005,Lumora Opportunity 0397,Closed Lost,Closed Lost,8000.00,0.00,2025-11-17 09:00:00+00,2025-11-20 09:00:00+00,2025-11-22 09:00:00+00,2025-11-27 09:00:00+00,2026-01-25,2026-01-25 09:00:00+00,2026-01-22 09:00:00+00,,2025-11-17 15:00:00+00,2025-11-18 09:00:00+00,Budget unavailable,2026-08-30 15:44:41.343854+00,2026-01-25 10:00:00+00
DL0398,ACC0112,SR002,LS006,Lumora Opportunity 0398,Negotiation,,8000.00,80.00,2026-06-18 09:00:00+00,2026-06-21 09:00:00+00,2026-06-23 09:00:00+00,2026-06-28 09:00:00+00,2026-11-01,,2026-08-22 00:00:00+00,2026-08-30 00:00:00+00,2026-06-18 15:00:00+00,2026-06-19 09:00:00+00,Budget unavailable,2026-08-30 15:44:41.343854+00,2026-08-22 01:00:00+00
DL0399,ACC0140,SR003,LS007,Lumora Opportunity 0399,Closed Lost,Closed Lost,8000.00,0.00,2025-12-21 09:00:00+00,2025-12-24 09:00:00+00,2025-12-26 09:00:00+00,2025-12-31 09:00:00+00,2026-03-10,2026-03-10 09:00:00+00,2026-03-07 09:00:00+00,,2025-12-21 15:00:00+00,2025-12-22 09:00:00+00,Budget unavailable,2026-08-30 15:44:41.343854+00,2026-03-10 10:00:00+00
DL0400,ACC0018,SR004,LS001,Lumora Opportunity 0400,Closed Lost,Closed Lost,12000.00,0.00,2026-01-07 09:00:00+00,2026-01-10 09:00:00+00,2026-01-12 09:00:00+00,2026-01-17 09:00:00+00,2026-04-01,2026-04-01 09:00:00+00,2026-03-29 09:00:00+00,,2026-01-07 15:00:00+00,2026-01-08 09:00:00+00,Budget unavailable,2026-08-30 15:44:41.343854+00,2026-04-01 10:00:00+00
DL0401,ACC0046,SR005,LS002,Lumora Opportunity 0401,Closed Lost,Closed Lost,12000.00,0.00,2026-01-24 09:00:00+00,2026-01-27 09:00:00+00,2026-01-29 09:00:00+00,2026-02-03 09:00:00+00,2026-02-12,2026-02-12 09:00:00+00,2026-02-09 09:00:00+00,,2026-01-24 15:00:00+00,2026-01-25 09:00:00+00,Budget unavailable,2026-08-30 15:44:41.343854+00,2026-02-12 10:00:00+00
DL0402,ACC0024,SR006,LS003,Lumora Opportunity 0402,Negotiation,,12000.00,80.00,2026-08-01 09:00:00+00,2026-08-04 09:00:00+00,2026-08-06 09:00:00+00,2026-08-11 09:00:00+00,2026-08-26,,2026-08-22 00:00:00+00,2026-08-30 00:00:00+00,2026-08-01 15:00:00+00,2026-08-02 09:00:00+00,Budget unavailable,2026-08-30 15:44:41.343854+00,2026-08-22 01:00:00+00
DL0403,ACC0150,SR001,LS004,Lumora Opportunity 0403,Closed Lost,Closed Lost,13000.00,0.00,2025-11-22 09:00:00+00,2025-11-25 09:00:00+00,2025-11-27 09:00:00+00,2025-12-02 09:00:00+00,2026-02-06,2026-02-06 09:00:00+00,2026-02-02 09:00:00+00,,2025-11-22 15:00:00+00,2025-11-23 09:00:00+00,Timing changed,2026-08-30 15:44:41.343854+00,2026-02-06 10:00:00+00
DL0404,ACC0028,SR002,LS005,Lumora Opportunity 0404,Discovery,,13000.00,20.00,2026-06-21 09:00:00+00,,,,2026-08-02,,2026-07-23 00:00:00+00,2026-08-01 00:00:00+00,2026-06-21 15:00:00+00,2026-06-22 09:00:00+00,Timing changed,2026-08-30 15:44:41.343854+00,2026-07-23 01:00:00+00
DL0405,ACC0006,SR003,LS006,Lumora Opportunity 0405,Closed Lost,Closed Lost,13000.00,0.00,2025-12-26 09:00:00+00,2025-12-29 09:00:00+00,2025-12-31 09:00:00+00,2026-01-05 09:00:00+00,2026-01-11,2026-01-11 09:00:00+00,2026-01-07 09:00:00+00,,2025-12-26 15:00:00+00,2025-12-27 09:00:00+00,Timing changed,2026-08-30 15:44:41.343854+00,2026-01-11 10:00:00+00
DL0406,ACC0034,SR004,LS007,Lumora Opportunity 0406,Closed Lost,Closed Lost,13000.00,0.00,2026-01-12 09:00:00+00,2026-01-15 09:00:00+00,2026-01-17 09:00:00+00,2026-01-22 09:00:00+00,2026-02-02,2026-02-02 09:00:00+00,2026-01-29 09:00:00+00,,2026-01-12 15:00:00+00,2026-01-13 09:00:00+00,Timing changed,2026-08-30 15:44:41.343854+00,2026-02-02 10:00:00+00
DL0407,ACC0062,SR005,LS001,Lumora Opportunity 0407,Closed Lost,Closed Lost,13000.00,0.00,2026-01-29 09:00:00+00,2026-02-01 09:00:00+00,2026-02-03 09:00:00+00,2026-02-08 09:00:00+00,2026-02-24,2026-02-24 09:00:00+00,2026-02-20 09:00:00+00,,2026-01-29 15:00:00+00,2026-01-30 09:00:00+00,Timing changed,2026-08-30 15:44:41.343854+00,2026-02-24 10:00:00+00
DL0408,ACC0090,SR006,LS002,Lumora Opportunity 0408,Discovery,,13000.00,20.00,2026-08-04 09:00:00+00,,,,2026-08-30,,2026-08-06 09:00:00+00,2026-08-15 09:00:00+00,2026-08-04 15:00:00+00,2026-08-05 09:00:00+00,Timing changed,2026-08-30 15:44:41.343854+00,2026-08-06 10:00:00+00
DL0409,ACC0016,SR001,LS003,Lumora Opportunity 0409,Closed Lost,Closed Lost,9000.00,0.00,2025-11-27 09:00:00+00,2025-11-30 09:00:00+00,2025-12-02 09:00:00+00,2025-12-07 09:00:00+00,2026-02-18,2026-02-18 09:00:00+00,2026-02-13 09:00:00+00,,2025-11-27 15:00:00+00,2025-11-28 09:00:00+00,Price too high,2026-08-30 15:44:41.343854+00,2026-02-18 10:00:00+00
DL0410,ACC0044,SR002,LS004,Lumora Opportunity 0410,Qualified,,9000.00,40.00,2026-06-24 09:00:00+00,2026-06-27 09:00:00+00,2026-06-29 09:00:00+00,,2026-08-06,,2026-08-20 00:00:00+00,2026-08-30 00:00:00+00,2026-06-24 15:00:00+00,2026-06-25 09:00:00+00,Price too high,2026-08-30 15:44:41.343854+00,2026-08-20 01:00:00+00
DL0411,ACC0072,SR003,LS005,Lumora Opportunity 0411,Closed Lost,Closed Lost,9000.00,0.00,2025-12-31 09:00:00+00,2026-01-03 09:00:00+00,2026-01-05 09:00:00+00,2026-01-10 09:00:00+00,2026-01-23,2026-01-23 09:00:00+00,2026-01-18 09:00:00+00,,2025-12-31 15:00:00+00,2026-01-01 09:00:00+00,Price too high,2026-08-30 15:44:41.343854+00,2026-01-23 10:00:00+00
DL0412,ACC0100,SR004,LS006,Lumora Opportunity 0412,Closed Lost,Closed Lost,35500.00,0.00,2026-01-17 09:00:00+00,2026-01-20 09:00:00+00,2026-01-22 09:00:00+00,2026-01-27 09:00:00+00,2026-02-14,2026-02-14 09:00:00+00,2026-02-09 09:00:00+00,,2026-01-17 15:00:00+00,2026-01-18 09:00:00+00,Price too high,2026-08-30 15:44:41.343854+00,2026-02-14 10:00:00+00
DL0413,ACC0128,SR005,LS007,Lumora Opportunity 0413,Closed Lost,Closed Lost,35500.00,0.00,2026-02-03 09:00:00+00,2026-02-06 09:00:00+00,2026-02-08 09:00:00+00,2026-02-13 09:00:00+00,2026-03-08,2026-03-08 09:00:00+00,2026-03-03 09:00:00+00,,2026-02-03 15:00:00+00,2026-02-04 09:00:00+00,Price too high,2026-08-30 15:44:41.343854+00,2026-03-08 10:00:00+00
DL0414,ACC0006,SR006,LS001,Lumora Opportunity 0414,Qualified,,35500.00,40.00,2026-08-07 09:00:00+00,2026-08-10 09:00:00+00,2026-08-12 09:00:00+00,,2026-09-03,,2026-08-20 00:00:00+00,2026-08-30 00:00:00+00,2026-08-07 15:00:00+00,2026-08-08 09:00:00+00,Price too high,2026-08-30 15:44:41.343854+00,2026-08-20 01:00:00+00
DL0415,ACC0082,SR001,LS002,Lumora Opportunity 0415,Closed Lost,Closed Lost,4500.00,0.00,2025-12-02 09:00:00+00,2025-12-05 09:00:00+00,2025-12-07 09:00:00+00,2025-12-12 09:00:00+00,2025-12-22,2025-12-22 09:00:00+00,2025-12-21 09:00:00+00,,2025-12-02 15:00:00+00,2025-12-03 09:00:00+00,Competitor selected,2026-08-30 15:44:41.343854+00,2025-12-22 10:00:00+00
DL0416,ACC0110,SR002,LS003,Lumora Opportunity 0416,Proposal Sent,,4500.00,60.00,2026-06-27 09:00:00+00,2026-06-30 09:00:00+00,2026-07-02 09:00:00+00,2026-07-07 09:00:00+00,2026-08-10,,2026-08-29 00:00:00+00,2026-09-09 00:00:00+00,2026-06-27 15:00:00+00,2026-06-28 09:00:00+00,Competitor selected,2026-08-30 15:44:41.343854+00,2026-08-29 01:00:00+00
DL0417,ACC0138,SR003,LS004,Lumora Opportunity 0417,Closed Lost,Closed Lost,4500.00,0.00,2026-01-05 09:00:00+00,2026-01-08 09:00:00+00,2026-01-10 09:00:00+00,2026-01-15 09:00:00+00,2026-02-04,2026-02-04 09:00:00+00,2026-02-03 09:00:00+00,,2026-01-05 15:00:00+00,2026-01-06 09:00:00+00,Competitor selected,2026-08-30 15:44:41.343854+00,2026-02-04 10:00:00+00
DL0418,ACC0016,SR004,LS005,Lumora Opportunity 0418,Closed Lost,Closed Lost,15000.00,0.00,2026-01-22 09:00:00+00,2026-01-25 09:00:00+00,2026-01-27 09:00:00+00,2026-02-01 09:00:00+00,2026-02-26,2026-02-26 09:00:00+00,2026-02-25 09:00:00+00,,2026-01-22 15:00:00+00,2026-01-23 09:00:00+00,Competitor selected,2026-08-30 15:44:41.343854+00,2026-02-26 10:00:00+00
DL0419,ACC0044,SR005,LS006,Lumora Opportunity 0419,Closed Lost,Closed Lost,15000.00,0.00,2026-02-08 09:00:00+00,2026-02-11 09:00:00+00,2026-02-13 09:00:00+00,2026-02-18 09:00:00+00,2026-03-20,2026-03-20 09:00:00+00,2026-03-19 09:00:00+00,,2026-02-08 15:00:00+00,2026-02-09 09:00:00+00,Competitor selected,2026-08-30 15:44:41.343854+00,2026-03-20 10:00:00+00
DL0420,ACC0072,SR006,LS007,Lumora Opportunity 0420,Proposal Sent,,15000.00,60.00,2026-08-10 09:00:00+00,2026-08-13 09:00:00+00,2026-08-15 09:00:00+00,2026-08-20 09:00:00+00,2026-09-07,,2026-08-29 00:00:00+00,2026-09-09 00:00:00+00,2026-08-10 15:00:00+00,2026-08-11 09:00:00+00,Competitor selected,2026-08-30 15:44:41.343854+00,2026-08-29 01:00:00+00
DL0421,ACC0148,SR001,LS001,Lumora Opportunity 0421,Negotiation,,5000.00,80.00,2026-06-19 09:00:00+00,2026-06-22 09:00:00+00,2026-06-24 09:00:00+00,2026-06-29 09:00:00+00,2026-08-07,,2026-08-28 00:00:00+00,2026-09-09 00:00:00+00,2026-06-19 15:00:00+00,2026-06-20 09:00:00+00,Budget unavailable,2026-08-30 15:44:41.343854+00,2026-08-28 01:00:00+00
DL0422,ACC0026,SR002,LS002,Lumora Opportunity 0422,Negotiation,,5000.00,80.00,2026-06-30 09:00:00+00,2026-07-03 09:00:00+00,2026-07-05 09:00:00+00,2026-07-10 09:00:00+00,2026-08-14,,2026-08-28 00:00:00+00,2026-09-09 00:00:00+00,2026-06-30 15:00:00+00,2026-07-01 09:00:00+00,Budget unavailable,2026-08-30 15:44:41.343854+00,2026-08-28 01:00:00+00
DL0423,ACC0054,SR003,LS003,Lumora Opportunity 0423,Negotiation,,5000.00,80.00,2026-07-11 09:00:00+00,2026-07-14 09:00:00+00,2026-07-16 09:00:00+00,2026-07-21 09:00:00+00,2026-08-21,,2026-08-28 00:00:00+00,2026-09-09 00:00:00+00,2026-07-11 15:00:00+00,2026-07-12 09:00:00+00,Budget unavailable,2026-08-30 15:44:41.343854+00,2026-08-28 01:00:00+00
DL0424,ACC0082,SR004,LS004,Lumora Opportunity 0424,Negotiation,,16000.00,80.00,2026-07-22 09:00:00+00,2026-07-25 09:00:00+00,2026-07-27 09:00:00+00,2026-08-01 09:00:00+00,2026-08-28,,2026-08-28 00:00:00+00,2026-09-09 00:00:00+00,2026-07-22 15:00:00+00,2026-07-23 09:00:00+00,Budget unavailable,2026-08-30 15:44:41.343854+00,2026-08-28 01:00:00+00
DL0425,ACC0110,SR005,LS005,Lumora Opportunity 0425,Negotiation,,16000.00,80.00,2026-08-02 09:00:00+00,2026-08-05 09:00:00+00,2026-08-07 09:00:00+00,2026-08-12 09:00:00+00,2026-09-04,,2026-08-28 00:00:00+00,2026-09-09 00:00:00+00,2026-08-02 15:00:00+00,2026-08-03 09:00:00+00,Budget unavailable,2026-08-30 15:44:41.343854+00,2026-08-28 01:00:00+00
DL0426,ACC0138,SR006,LS006,Lumora Opportunity 0426,Negotiation,,16000.00,80.00,2026-08-13 09:00:00+00,2026-08-16 09:00:00+00,2026-08-18 09:00:00+00,2026-08-23 09:00:00+00,2026-09-11,,2026-08-28 00:00:00+00,2026-09-09 00:00:00+00,2026-08-13 15:00:00+00,2026-08-14 09:00:00+00,Budget unavailable,2026-08-30 15:44:41.343854+00,2026-08-28 01:00:00+00
DL0427,ACC0064,SR001,LS007,Lumora Opportunity 0427,Discovery,,17000.00,20.00,2026-06-22 09:00:00+00,,,,2026-08-11,,2026-07-19 00:00:00+00,2026-07-20 00:00:00+00,2026-06-23 17:00:00+00,2026-06-23 09:00:00+00,Timing changed,2026-08-30 15:44:41.343854+00,2026-07-19 01:00:00+00
DL0428,ACC0092,SR002,LS001,Lumora Opportunity 0428,Discovery,,17000.00,20.00,2026-07-03 09:00:00+00,,,,2026-08-18,,2026-07-19 00:00:00+00,2026-07-20 00:00:00+00,2026-07-04 17:00:00+00,2026-07-04 09:00:00+00,Timing changed,2026-08-30 15:44:41.343854+00,2026-07-19 01:00:00+00
DL0429,ACC0120,SR003,LS002,Lumora Opportunity 0429,Discovery,,17000.00,20.00,2026-07-14 09:00:00+00,,,,2026-08-25,,2026-07-19 00:00:00+00,2026-07-20 00:00:00+00,2026-07-15 17:00:00+00,2026-07-15 09:00:00+00,Timing changed,2026-08-30 15:44:41.343854+00,2026-07-19 01:00:00+00
DL0430,ACC0148,SR004,LS003,Lumora Opportunity 0430,Discovery,,40000.00,20.00,2026-07-25 09:00:00+00,,,,2026-09-01,,2026-07-27 09:00:00+00,2026-07-28 09:00:00+00,2026-07-26 17:00:00+00,2026-07-26 09:00:00+00,Timing changed,2026-08-30 15:44:41.343854+00,2026-07-27 10:00:00+00
DL0431,ACC0026,SR005,LS004,Lumora Opportunity 0431,Discovery,,40000.00,20.00,2026-08-05 09:00:00+00,,,,2026-09-08,,2026-08-07 09:00:00+00,2026-08-08 09:00:00+00,2026-08-06 17:00:00+00,2026-08-06 09:00:00+00,Timing changed,2026-08-30 15:44:41.343854+00,2026-08-07 10:00:00+00
DL0432,ACC0054,SR006,LS005,Lumora Opportunity 0432,Discovery,,40000.00,20.00,2026-08-16 09:00:00+00,,,,2026-09-15,,2026-08-18 09:00:00+00,2026-08-19 09:00:00+00,2026-08-17 17:00:00+00,2026-08-17 09:00:00+00,Timing changed,2026-08-30 15:44:41.343854+00,2026-08-18 10:00:00+00
DL0433,ACC0130,SR001,LS006,Lumora Opportunity 0433,Qualified,,6000.00,40.00,2026-06-25 09:00:00+00,2026-06-28 09:00:00+00,2026-06-30 09:00:00+00,,2026-08-15,,2026-08-26 00:00:00+00,2026-08-28 00:00:00+00,2026-06-25 15:00:00+00,2026-06-26 09:00:00+00,Price too high,2026-08-30 15:44:41.343854+00,2026-08-26 01:00:00+00
DL0434,ACC0008,SR002,LS007,Lumora Opportunity 0434,Qualified,,6000.00,40.00,2026-07-06 09:00:00+00,2026-07-09 09:00:00+00,2026-07-11 09:00:00+00,,2026-08-22,,2026-08-26 00:00:00+00,2026-08-28 00:00:00+00,2026-07-06 15:00:00+00,2026-07-07 09:00:00+00,Price too high,2026-08-30 15:44:41.343854+00,2026-08-26 01:00:00+00
DL0435,ACC0036,SR003,LS001,Lumora Opportunity 0435,Qualified,,6000.00,40.00,2026-07-17 09:00:00+00,2026-07-20 09:00:00+00,2026-07-22 09:00:00+00,,2026-08-29,,2026-08-26 00:00:00+00,2026-08-28 00:00:00+00,2026-07-17 15:00:00+00,2026-07-18 09:00:00+00,Price too high,2026-08-30 15:44:41.343854+00,2026-08-26 01:00:00+00
DL0436,ACC0064,SR004,LS002,Lumora Opportunity 0436,Qualified,,18000.00,40.00,2026-07-28 09:00:00+00,2026-07-31 09:00:00+00,2026-08-02 09:00:00+00,,2026-09-05,,2026-08-26 00:00:00+00,2026-08-28 00:00:00+00,2026-07-28 15:00:00+00,2026-07-29 09:00:00+00,Price too high,2026-08-30 15:44:41.343854+00,2026-08-26 01:00:00+00
DL0437,ACC0092,SR005,LS003,Lumora Opportunity 0437,Qualified,,18000.00,40.00,2026-08-08 09:00:00+00,2026-08-11 09:00:00+00,2026-08-13 09:00:00+00,,2026-09-12,,2026-08-26 00:00:00+00,2026-08-28 00:00:00+00,2026-08-08 15:00:00+00,2026-08-09 09:00:00+00,Price too high,2026-08-30 15:44:41.343854+00,2026-08-26 01:00:00+00
DL0438,ACC0120,SR006,LS004,Lumora Opportunity 0438,Qualified,,18000.00,40.00,2026-08-19 09:00:00+00,2026-08-22 09:00:00+00,2026-08-24 09:00:00+00,,2026-09-19,,2026-08-26 00:00:00+00,2026-08-28 00:00:00+00,2026-08-19 15:00:00+00,2026-08-20 09:00:00+00,Price too high,2026-08-30 15:44:41.343854+00,2026-08-26 01:00:00+00
DL0439,ACC0046,SR001,LS005,Lumora Opportunity 0439,Proposal Sent,,6500.00,60.00,2026-06-28 09:00:00+00,2026-07-01 09:00:00+00,2026-07-03 09:00:00+00,2026-07-08 09:00:00+00,,,2026-08-25 00:00:00+00,2026-08-28 00:00:00+00,2026-06-28 15:00:00+00,2026-06-29 09:00:00+00,Competitor selected,2026-08-30 15:44:41.343854+00,2026-08-25 01:00:00+00
DL0440,ACC0074,SR002,LS006,Lumora Opportunity 0440,Proposal Sent,,6500.00,60.00,2026-07-09 09:00:00+00,2026-07-12 09:00:00+00,2026-07-14 09:00:00+00,2026-07-19 09:00:00+00,,,2026-08-25 00:00:00+00,2026-08-28 00:00:00+00,2026-07-09 15:00:00+00,2026-07-10 09:00:00+00,Competitor selected,2026-08-30 15:44:41.343854+00,2026-08-25 01:00:00+00
DL0441,ACC0102,SR003,LS007,Lumora Opportunity 0441,Proposal Sent,,6500.00,60.00,2026-07-20 09:00:00+00,2026-07-23 09:00:00+00,2026-07-25 09:00:00+00,2026-07-30 09:00:00+00,,,2026-08-25 00:00:00+00,2026-08-28 00:00:00+00,2026-07-20 15:00:00+00,2026-07-21 09:00:00+00,Competitor selected,2026-08-30 15:44:41.343854+00,2026-08-25 01:00:00+00
DL0442,ACC0130,SR004,LS001,Lumora Opportunity 0442,Proposal Sent,,19000.00,60.00,2026-07-31 09:00:00+00,2026-08-03 09:00:00+00,2026-08-05 09:00:00+00,2026-08-10 09:00:00+00,,,2026-08-25 00:00:00+00,2026-08-28 00:00:00+00,2026-07-31 15:00:00+00,2026-08-01 09:00:00+00,Competitor selected,2026-08-30 15:44:41.343854+00,2026-08-25 01:00:00+00
DL0443,ACC0008,SR005,LS002,Lumora Opportunity 0443,Proposal Sent,,19000.00,60.00,2026-08-11 09:00:00+00,2026-08-14 09:00:00+00,2026-08-16 09:00:00+00,2026-08-21 09:00:00+00,,,2026-08-25 00:00:00+00,2026-08-28 00:00:00+00,2026-08-11 15:00:00+00,2026-08-12 09:00:00+00,Competitor selected,2026-08-30 15:44:41.343854+00,2026-08-25 01:00:00+00
DL0444,ACC0036,SR006,LS003,Lumora Opportunity 0444,Proposal Sent,,19000.00,60.00,2026-08-22 09:00:00+00,2026-08-25 09:00:00+00,2026-08-27 09:00:00+00,2026-09-01 09:00:00+00,,,2026-08-25 00:00:00+00,2026-08-28 00:00:00+00,2026-08-22 15:00:00+00,2026-08-23 09:00:00+00,Competitor selected,2026-08-30 15:44:41.343854+00,2026-08-25 01:00:00+00
DL0445,ACC0112,SR001,LS004,Lumora Opportunity 0445,Negotiation,,7000.00,80.00,2026-07-01 09:00:00+00,2026-07-04 09:00:00+00,2026-07-06 09:00:00+00,2026-07-11 09:00:00+00,2026-08-23,,2026-08-24 00:00:00+00,2026-08-28 00:00:00+00,2026-07-01 15:00:00+00,2026-07-02 09:00:00+00,Budget unavailable,2026-08-30 15:44:41.343854+00,2026-08-24 01:00:00+00
DL0446,ACC0140,SR002,LS005,Lumora Opportunity 0446,Negotiation,,7000.00,80.00,2026-07-12 09:00:00+00,2026-07-15 09:00:00+00,2026-07-17 09:00:00+00,2026-07-22 09:00:00+00,2026-08-30,,2026-08-24 00:00:00+00,2026-08-28 00:00:00+00,2026-07-12 15:00:00+00,2026-07-13 09:00:00+00,Budget unavailable,2026-08-30 15:44:41.343854+00,2026-08-24 01:00:00+00
DL0447,ACC0018,SR003,LS006,Lumora Opportunity 0447,Negotiation,,7000.00,80.00,2026-07-23 09:00:00+00,2026-07-26 09:00:00+00,2026-07-28 09:00:00+00,2026-08-02 09:00:00+00,2026-09-06,,2026-08-24 00:00:00+00,2026-08-28 00:00:00+00,2026-07-23 15:00:00+00,2026-07-24 09:00:00+00,Budget unavailable,2026-08-30 15:44:41.343854+00,2026-08-24 01:00:00+00
DL0448,ACC0046,SR004,LS007,Lumora Opportunity 0448,Negotiation,,22000.00,80.00,2026-08-03 09:00:00+00,2026-08-06 09:00:00+00,2026-08-08 09:00:00+00,2026-08-13 09:00:00+00,2026-09-13,,2026-08-24 00:00:00+00,2026-08-28 00:00:00+00,2026-08-03 15:00:00+00,2026-08-04 09:00:00+00,Budget unavailable,2026-08-30 15:44:41.343854+00,2026-08-24 01:00:00+00
DL0449,ACC0024,SR005,LS001,Lumora Opportunity 0449,Negotiation,,22000.00,80.00,2026-08-14 09:00:00+00,2026-08-17 09:00:00+00,2026-08-19 09:00:00+00,2026-08-24 09:00:00+00,2026-09-20,,2026-08-24 00:00:00+00,2026-08-28 00:00:00+00,2026-08-14 15:00:00+00,2026-08-15 09:00:00+00,Budget unavailable,2026-08-30 15:44:41.343854+00,2026-08-24 01:00:00+00
DL0450,ACC0052,SR006,LS002,Lumora Opportunity 0450,Negotiation,,22000.00,80.00,2026-04-02 09:00:00+00,2026-04-05 09:00:00+00,2026-04-07 09:00:00+00,2026-04-12 09:00:00+00,2026-09-27,,2026-08-24 00:00:00+00,2026-08-28 00:00:00+00,2026-04-02 15:00:00+00,2026-04-03 09:00:00+00,Budget unavailable,2026-08-30 15:44:41.343854+00,2026-08-24 01:00:00+00
DL0451,ACC0028,SR001,LS003,Lumora Opportunity 0451,Discovery,,21000.00,20.00,2026-07-04 09:00:00+00,,,,2026-08-27,,2026-07-30 00:00:00+00,2026-08-04 00:00:00+00,2026-07-04 15:00:00+00,2026-07-05 09:00:00+00,Timing changed,2026-08-30 15:44:41.343854+00,2026-07-30 01:00:00+00
DL0452,ACC0006,SR002,LS004,Lumora Opportunity 0452,Discovery,,21000.00,20.00,2026-07-15 09:00:00+00,,,,2026-09-03,,2026-07-30 00:00:00+00,2026-08-04 00:00:00+00,2026-07-15 15:00:00+00,2026-07-16 09:00:00+00,Timing changed,2026-08-30 15:44:41.343854+00,2026-07-30 01:00:00+00
DL0453,ACC0034,SR003,LS005,Lumora Opportunity 0453,Discovery,,21000.00,20.00,2026-07-26 09:00:00+00,,,,2026-09-10,,2026-07-30 00:00:00+00,2026-08-04 00:00:00+00,2026-07-26 15:00:00+00,2026-07-27 09:00:00+00,Timing changed,2026-08-30 15:44:41.343854+00,2026-07-30 01:00:00+00
DL0454,ACC0062,SR004,LS006,Lumora Opportunity 0454,Discovery,,21000.00,20.00,2026-08-06 09:00:00+00,,,,2026-09-17,,2026-08-08 09:00:00+00,2026-08-13 09:00:00+00,2026-08-06 15:00:00+00,2026-08-07 09:00:00+00,Timing changed,2026-08-30 15:44:41.343854+00,2026-08-08 10:00:00+00
DL0455,ACC0090,SR005,LS007,Lumora Opportunity 0455,Discovery,,21000.00,20.00,2026-08-17 09:00:00+00,,,,2026-09-24,,2026-08-19 09:00:00+00,2026-08-24 09:00:00+00,2026-08-17 15:00:00+00,2026-08-18 09:00:00+00,Timing changed,2026-08-30 15:44:41.343854+00,2026-08-19 10:00:00+00
DL0456,ACC0118,SR006,LS001,Lumora Opportunity 0456,Discovery,,21000.00,20.00,2026-04-05 09:00:00+00,,,,2026-10-01,,2026-07-30 00:00:00+00,2026-08-04 00:00:00+00,2026-04-05 15:00:00+00,2026-04-06 09:00:00+00,Timing changed,2026-08-30 15:44:41.343854+00,2026-07-30 01:00:00+00
DL0457,ACC0044,SR001,LS002,Lumora Opportunity 0457,Qualified,,8000.00,40.00,2026-07-07 09:00:00+00,2026-07-10 09:00:00+00,2026-07-12 09:00:00+00,,2026-08-31,,2026-08-22 00:00:00+00,,2026-07-07 15:00:00+00,2026-07-08 09:00:00+00,Price too high,2026-08-30 15:44:41.343854+00,2026-08-22 01:00:00+00
DL0458,ACC0072,SR002,LS003,Lumora Opportunity 0458,Qualified,,8000.00,40.00,2026-07-18 09:00:00+00,2026-07-21 09:00:00+00,2026-07-23 09:00:00+00,,2026-09-07,,2026-08-22 00:00:00+00,,2026-07-18 15:00:00+00,2026-07-19 09:00:00+00,Price too high,2026-08-30 15:44:41.343854+00,2026-08-22 01:00:00+00
DL0459,ACC0100,SR003,LS004,Lumora Opportunity 0459,Qualified,,8000.00,40.00,2026-07-29 09:00:00+00,2026-08-01 09:00:00+00,2026-08-03 09:00:00+00,,2026-09-14,,2026-08-22 00:00:00+00,,2026-07-29 15:00:00+00,2026-07-30 09:00:00+00,Price too high,2026-08-30 15:44:41.343854+00,2026-08-22 01:00:00+00
DL0460,ACC0128,SR004,LS005,Lumora Opportunity 0460,Qualified,,22000.00,40.00,2026-08-09 09:00:00+00,2026-08-12 09:00:00+00,2026-08-14 09:00:00+00,,2026-09-21,,2026-08-22 00:00:00+00,,2026-08-09 15:00:00+00,2026-08-10 09:00:00+00,Price too high,2026-08-30 15:44:41.343854+00,2026-08-22 01:00:00+00
DL0461,ACC0006,SR005,LS006,Lumora Opportunity 0461,Qualified,,22000.00,40.00,2026-08-20 09:00:00+00,2026-08-23 09:00:00+00,2026-08-25 09:00:00+00,,2026-09-28,,2026-08-22 09:00:00+00,,2026-08-20 15:00:00+00,2026-08-21 09:00:00+00,Price too high,2026-08-30 15:44:41.343854+00,2026-08-22 10:00:00+00
DL0462,ACC0034,SR006,LS007,Lumora Opportunity 0462,Qualified,,22000.00,40.00,2026-04-08 09:00:00+00,2026-04-11 09:00:00+00,2026-04-13 09:00:00+00,,2026-10-05,,2026-08-22 00:00:00+00,,2026-04-08 15:00:00+00,2026-04-09 09:00:00+00,Price too high,2026-08-30 15:44:41.343854+00,2026-08-22 01:00:00+00
DL0463,ACC0110,SR001,LS001,Lumora Opportunity 0463,Proposal Sent,,8500.00,60.00,2026-07-10 09:00:00+00,2026-07-13 09:00:00+00,2026-07-15 09:00:00+00,2026-07-20 09:00:00+00,2026-09-04,,2026-08-21 00:00:00+00,2026-08-28 00:00:00+00,2026-07-10 15:00:00+00,2026-07-11 09:00:00+00,,2026-08-30 15:44:41.343854+00,2026-08-21 01:00:00+00
DL0464,ACC0138,SR002,LS002,Lumora Opportunity 0464,Proposal Sent,,8500.00,60.00,2026-07-21 09:00:00+00,2026-07-24 09:00:00+00,2026-07-26 09:00:00+00,2026-07-31 09:00:00+00,2026-09-11,,2026-08-21 00:00:00+00,2026-08-28 00:00:00+00,2026-07-21 15:00:00+00,2026-07-22 09:00:00+00,,2026-08-30 15:44:41.343854+00,2026-08-21 01:00:00+00
DL0465,ACC0016,SR003,LS003,Lumora Opportunity 0465,Proposal Sent,,8500.00,60.00,2026-08-01 09:00:00+00,2026-08-04 09:00:00+00,2026-08-06 09:00:00+00,2026-08-11 09:00:00+00,2026-09-18,,2026-08-21 00:00:00+00,2026-08-28 00:00:00+00,2026-08-01 15:00:00+00,2026-08-02 09:00:00+00,,2026-08-30 15:44:41.343854+00,2026-08-21 01:00:00+00
DL0466,ACC0044,SR004,LS004,Lumora Opportunity 0466,Proposal Sent,,26500.00,60.00,2026-08-12 09:00:00+00,2026-08-15 09:00:00+00,2026-08-17 09:00:00+00,2026-08-22 09:00:00+00,2026-09-25,,2026-08-21 00:00:00+00,2026-08-28 00:00:00+00,2026-08-12 15:00:00+00,2026-08-13 09:00:00+00,,2026-08-30 15:44:41.343854+00,2026-08-21 01:00:00+00
DL0467,ACC0072,SR005,LS005,Lumora Opportunity 0467,Proposal Sent,,26500.00,60.00,2026-08-23 09:00:00+00,2026-08-26 09:00:00+00,2026-08-28 09:00:00+00,2026-09-02 09:00:00+00,2026-10-02,,2026-08-25 09:00:00+00,2026-09-01 09:00:00+00,2026-08-23 15:00:00+00,2026-08-24 09:00:00+00,,2026-08-30 15:44:41.343854+00,2026-08-25 10:00:00+00
DL0468,ACC0100,SR006,LS006,Lumora Opportunity 0468,Proposal Sent,,26500.00,60.00,2026-04-11 09:00:00+00,2026-04-14 09:00:00+00,2026-04-16 09:00:00+00,2026-04-21 09:00:00+00,2026-10-09,,2026-08-21 00:00:00+00,2026-08-28 00:00:00+00,2026-04-11 15:00:00+00,2026-04-12 09:00:00+00,,2026-08-30 15:44:41.343854+00,2026-08-21 01:00:00+00
DL0469,ACC0026,SR001,LS007,Lumora Opportunity 0469,Negotiation,,9000.00,80.00,2026-07-13 09:00:00+00,2026-07-16 09:00:00+00,2026-07-18 09:00:00+00,2026-07-23 09:00:00+00,2026-09-08,,2026-08-20 00:00:00+00,2026-08-28 00:00:00+00,2026-07-13 15:00:00+00,2026-07-14 09:00:00+00,Budget unavailable,2026-08-30 15:44:41.343854+00,2026-08-20 01:00:00+00
DL0470,ACC0054,SR002,LS001,Lumora Opportunity 0470,Negotiation,,9000.00,80.00,2026-07-24 09:00:00+00,2026-07-27 09:00:00+00,2026-07-29 09:00:00+00,2026-08-03 09:00:00+00,2026-09-15,,2026-08-20 00:00:00+00,2026-08-28 00:00:00+00,2026-07-24 15:00:00+00,2026-07-25 09:00:00+00,Budget unavailable,2026-08-30 15:44:41.343854+00,2026-08-20 01:00:00+00
DL0471,ACC0082,SR003,LS002,Lumora Opportunity 0471,Negotiation,,9000.00,80.00,2026-08-04 09:00:00+00,2026-08-07 09:00:00+00,2026-08-09 09:00:00+00,2026-08-14 09:00:00+00,2026-09-22,,2026-08-20 00:00:00+00,2026-08-28 00:00:00+00,2026-08-04 15:00:00+00,2026-08-05 09:00:00+00,Budget unavailable,2026-08-30 15:44:41.343854+00,2026-08-20 01:00:00+00
DL0472,ACC0110,SR004,LS003,Lumora Opportunity 0472,Negotiation,,11000.00,80.00,2026-08-15 09:00:00+00,2026-08-18 09:00:00+00,2026-08-20 09:00:00+00,2026-08-25 09:00:00+00,2026-09-29,,2026-08-20 00:00:00+00,2026-08-28 00:00:00+00,2026-08-15 15:00:00+00,2026-08-16 09:00:00+00,Budget unavailable,2026-08-30 15:44:41.343854+00,2026-08-20 01:00:00+00
DL0473,ACC0138,SR005,LS004,Lumora Opportunity 0473,Negotiation,,11000.00,80.00,2026-04-03 09:00:00+00,2026-04-06 09:00:00+00,2026-04-08 09:00:00+00,2026-04-13 09:00:00+00,2026-10-06,,2026-08-20 00:00:00+00,2026-08-28 00:00:00+00,2026-04-03 15:00:00+00,2026-04-04 09:00:00+00,Budget unavailable,2026-08-30 15:44:41.343854+00,2026-08-20 01:00:00+00
DL0474,ACC0016,SR006,LS005,Lumora Opportunity 0474,Negotiation,,11000.00,80.00,2026-04-14 09:00:00+00,2026-04-17 09:00:00+00,2026-04-19 09:00:00+00,2026-04-24 09:00:00+00,2026-10-13,,2026-08-20 00:00:00+00,2026-08-28 00:00:00+00,2026-04-14 15:00:00+00,2026-04-15 09:00:00+00,Budget unavailable,2026-08-30 15:44:41.343854+00,2026-08-20 01:00:00+00
DL0475,ACC0092,SR001,LS006,Lumora Opportunity 0475,Discovery,,12000.00,20.00,2026-07-16 09:00:00+00,,,,2026-09-12,,2026-07-26 00:00:00+00,2026-08-04 00:00:00+00,2026-07-17 17:00:00+00,2026-07-17 09:00:00+00,Timing changed,2026-08-30 15:44:41.343854+00,2026-07-26 01:00:00+00
DL0476,ACC0120,SR002,LS007,Lumora Opportunity 0476,Discovery,,12000.00,20.00,2026-07-27 09:00:00+00,,,,2026-09-19,,2026-07-29 09:00:00+00,2026-08-07 09:00:00+00,2026-07-28 17:00:00+00,2026-07-28 09:00:00+00,Timing changed,2026-08-30 15:44:41.343854+00,2026-07-29 10:00:00+00
DL0477,ACC0148,SR003,LS001,Lumora Opportunity 0477,Discovery,,12000.00,20.00,2026-08-07 09:00:00+00,,,,2026-09-26,,2026-08-09 09:00:00+00,2026-08-18 09:00:00+00,2026-08-08 17:00:00+00,2026-08-08 09:00:00+00,Timing changed,2026-08-30 15:44:41.343854+00,2026-08-09 10:00:00+00
DL0478,ACC0026,SR004,LS002,Lumora Opportunity 0478,Discovery,,12000.00,20.00,2026-08-18 09:00:00+00,,,,2026-10-03,,2026-08-20 09:00:00+00,2026-08-29 09:00:00+00,2026-08-19 17:00:00+00,2026-08-19 09:00:00+00,Timing changed,2026-08-30 15:44:41.343854+00,2026-08-20 10:00:00+00
DL0479,ACC0054,SR005,LS003,Lumora Opportunity 0479,Discovery,,12000.00,20.00,2026-04-06 09:00:00+00,,,,2026-10-10,,2026-07-26 00:00:00+00,2026-08-04 00:00:00+00,2026-04-07 17:00:00+00,2026-04-07 09:00:00+00,Timing changed,2026-08-30 15:44:41.343854+00,2026-07-26 01:00:00+00
DL0480,ACC0082,SR006,LS004,Lumora Opportunity 0480,Discovery,,12000.00,20.00,2026-04-17 09:00:00+00,,,,2026-10-17,,2026-07-26 00:00:00+00,2026-08-04 00:00:00+00,2026-04-18 17:00:00+00,2026-04-18 09:00:00+00,Timing changed,2026-08-30 15:44:41.343854+00,2026-07-26 01:00:00+00
DL0481,ACC0008,SR001,LS005,Lumora Opportunity 0481,Qualified,,5000.00,40.00,2026-07-19 09:00:00+00,2026-07-22 09:00:00+00,2026-07-24 09:00:00+00,,2026-09-16,,2026-08-28 00:00:00+00,2026-09-07 00:00:00+00,2026-07-19 15:00:00+00,2026-07-20 09:00:00+00,Price too high,2026-08-30 15:44:41.343854+00,2026-08-28 01:00:00+00
DL0482,ACC0036,SR002,LS006,Lumora Opportunity 0482,Qualified,,5000.00,40.00,2026-07-30 09:00:00+00,2026-08-02 09:00:00+00,2026-08-04 09:00:00+00,,2026-09-23,,2026-08-28 00:00:00+00,2026-09-07 00:00:00+00,2026-07-30 15:00:00+00,2026-07-31 09:00:00+00,Price too high,2026-08-30 15:44:41.343854+00,2026-08-28 01:00:00+00
DL0483,ACC0064,SR003,LS007,Lumora Opportunity 0483,Qualified,,5000.00,40.00,2026-08-10 09:00:00+00,2026-08-13 09:00:00+00,2026-08-15 09:00:00+00,,2026-09-30,,2026-08-28 00:00:00+00,2026-09-07 00:00:00+00,2026-08-10 15:00:00+00,2026-08-11 09:00:00+00,Price too high,2026-08-30 15:44:41.343854+00,2026-08-28 01:00:00+00
DL0484,ACC0092,SR004,LS001,Lumora Opportunity 0484,Qualified,,31000.00,40.00,2026-08-21 09:00:00+00,2026-08-24 09:00:00+00,2026-08-26 09:00:00+00,,2026-10-07,,2026-08-28 00:00:00+00,2026-09-07 00:00:00+00,2026-08-21 15:00:00+00,2026-08-22 09:00:00+00,Price too high,2026-08-30 15:44:41.343854+00,2026-08-28 01:00:00+00
DL0485,ACC0120,SR005,LS002,Lumora Opportunity 0485,Qualified,,31000.00,40.00,2026-04-09 09:00:00+00,2026-04-12 09:00:00+00,2026-04-14 09:00:00+00,,2026-10-14,,2026-08-28 00:00:00+00,2026-09-07 00:00:00+00,2026-04-09 15:00:00+00,2026-04-10 09:00:00+00,Price too high,2026-08-30 15:44:41.343854+00,2026-08-28 01:00:00+00
DL0486,ACC0148,SR006,LS003,Lumora Opportunity 0486,Qualified,,31000.00,40.00,2026-04-20 09:00:00+00,2026-04-23 09:00:00+00,2026-04-25 09:00:00+00,,2026-10-21,,2026-08-28 00:00:00+00,2026-09-07 00:00:00+00,2026-04-20 15:00:00+00,2026-04-21 09:00:00+00,Price too high,2026-08-30 15:44:41.343854+00,2026-08-28 01:00:00+00
DL0487,ACC0074,SR001,LS004,Lumora Opportunity 0487,Proposal Sent,,5500.00,60.00,2026-07-22 09:00:00+00,2026-07-25 09:00:00+00,2026-07-27 09:00:00+00,2026-08-01 09:00:00+00,2026-09-20,,2026-08-27 00:00:00+00,2026-09-07 00:00:00+00,2026-07-22 15:00:00+00,2026-07-23 09:00:00+00,Competitor selected,2026-08-30 15:44:41.343854+00,2026-08-27 01:00:00+00
DL0488,ACC0102,SR002,LS005,Lumora Opportunity 0488,Proposal Sent,,5500.00,60.00,2026-08-02 09:00:00+00,2026-08-05 09:00:00+00,2026-08-07 09:00:00+00,2026-08-12 09:00:00+00,2026-09-27,,2026-08-27 00:00:00+00,2026-09-07 00:00:00+00,2026-08-02 15:00:00+00,2026-08-03 09:00:00+00,Competitor selected,2026-08-30 15:44:41.343854+00,2026-08-27 01:00:00+00
DL0489,ACC0130,SR003,LS006,Lumora Opportunity 0489,Proposal Sent,,5500.00,60.00,2026-08-13 09:00:00+00,2026-08-16 09:00:00+00,2026-08-18 09:00:00+00,2026-08-23 09:00:00+00,2026-10-04,,2026-08-27 00:00:00+00,2026-09-07 00:00:00+00,2026-08-13 15:00:00+00,2026-08-14 09:00:00+00,Competitor selected,2026-08-30 15:44:41.343854+00,2026-08-27 01:00:00+00
DL0490,ACC0008,SR004,LS007,Lumora Opportunity 0490,Proposal Sent,,14000.00,60.00,2026-04-01 09:00:00+00,2026-04-04 09:00:00+00,2026-04-06 09:00:00+00,2026-04-11 09:00:00+00,2026-10-11,,2026-08-27 00:00:00+00,2026-09-07 00:00:00+00,2026-04-01 15:00:00+00,2026-04-02 09:00:00+00,Competitor selected,2026-08-30 15:44:41.343854+00,2026-08-27 01:00:00+00
DL0491,ACC0036,SR005,LS001,Lumora Opportunity 0491,Proposal Sent,,14000.00,60.00,2026-04-12 09:00:00+00,2026-04-15 09:00:00+00,2026-04-17 09:00:00+00,2026-04-22 09:00:00+00,2026-10-18,,2026-08-27 00:00:00+00,2026-09-07 00:00:00+00,2026-04-12 15:00:00+00,2026-04-13 09:00:00+00,Competitor selected,2026-08-30 15:44:41.343854+00,2026-08-27 01:00:00+00
DL0492,ACC0014,SR006,LS002,Lumora Opportunity 0492,Proposal Sent,,14000.00,60.00,2026-04-23 09:00:00+00,2026-04-26 09:00:00+00,2026-04-28 09:00:00+00,2026-05-03 09:00:00+00,2026-10-25,,2026-08-27 00:00:00+00,2026-09-07 00:00:00+00,2026-04-23 15:00:00+00,2026-04-24 09:00:00+00,Competitor selected,2026-08-30 15:44:41.343854+00,2026-08-27 01:00:00+00
DL0493,ACC0140,SR001,LS003,Lumora Opportunity 0493,Negotiation,,6000.00,80.00,2026-07-25 09:00:00+00,2026-07-28 09:00:00+00,2026-07-30 09:00:00+00,2026-08-04 09:00:00+00,2026-09-24,,2026-08-26 00:00:00+00,2026-09-07 00:00:00+00,2026-07-25 15:00:00+00,2026-07-26 09:00:00+00,Budget unavailable,2026-08-30 15:44:41.343854+00,2026-08-26 01:00:00+00
DL0494,ACC0018,SR002,LS004,Lumora Opportunity 0494,Negotiation,,6000.00,80.00,2026-08-05 09:00:00+00,2026-08-08 09:00:00+00,2026-08-10 09:00:00+00,2026-08-15 09:00:00+00,2026-10-01,,2026-08-26 00:00:00+00,2026-09-07 00:00:00+00,2026-08-05 15:00:00+00,2026-08-06 09:00:00+00,Budget unavailable,2026-08-30 15:44:41.343854+00,2026-08-26 01:00:00+00
DL0495,ACC0046,SR003,LS005,Lumora Opportunity 0495,Negotiation,,6000.00,80.00,2026-08-16 09:00:00+00,2026-08-19 09:00:00+00,2026-08-21 09:00:00+00,2026-08-26 09:00:00+00,2026-10-08,,2026-08-26 00:00:00+00,2026-09-07 00:00:00+00,2026-08-16 15:00:00+00,2026-08-17 09:00:00+00,Budget unavailable,2026-08-30 15:44:41.343854+00,2026-08-26 01:00:00+00
DL0496,ACC0024,SR004,LS006,Lumora Opportunity 0496,Negotiation,,15000.00,80.00,2026-04-04 09:00:00+00,2026-04-07 09:00:00+00,2026-04-09 09:00:00+00,2026-04-14 09:00:00+00,2026-10-15,,2026-08-26 00:00:00+00,2026-09-07 00:00:00+00,2026-04-04 15:00:00+00,2026-04-05 09:00:00+00,Budget unavailable,2026-08-30 15:44:41.343854+00,2026-08-26 01:00:00+00
DL0497,ACC0052,SR005,LS007,Lumora Opportunity 0497,Negotiation,,15000.00,80.00,2026-04-15 09:00:00+00,2026-04-18 09:00:00+00,2026-04-20 09:00:00+00,2026-04-25 09:00:00+00,2026-10-22,,2026-08-26 00:00:00+00,2026-09-07 00:00:00+00,2026-04-15 15:00:00+00,2026-04-16 09:00:00+00,Budget unavailable,2026-08-30 15:44:41.343854+00,2026-08-26 01:00:00+00
DL0498,ACC0080,SR006,LS001,Lumora Opportunity 0498,Negotiation,,15000.00,80.00,2026-04-26 09:00:00+00,2026-04-29 09:00:00+00,2026-05-01 09:00:00+00,2026-05-06 09:00:00+00,2026-10-29,,2026-08-26 00:00:00+00,2026-09-07 00:00:00+00,2026-04-26 15:00:00+00,2026-04-27 09:00:00+00,Budget unavailable,2026-08-30 15:44:41.343854+00,2026-08-26 01:00:00+00
DL0499,ACC0006,SR001,LS002,Lumora Opportunity 0499,Discovery,,16000.00,20.00,2026-07-28 09:00:00+00,,,,2026-09-28,,2026-07-30 09:00:00+00,2026-07-31 09:00:00+00,2026-07-28 15:00:00+00,2026-07-29 09:00:00+00,Timing changed,2026-08-30 15:44:41.343854+00,2026-07-30 10:00:00+00
DL0500,ACC0034,SR002,LS003,Lumora Opportunity 0500,Discovery,,16000.00,20.00,2026-08-08 09:00:00+00,,,,2026-10-05,,2026-08-10 09:00:00+00,2026-08-11 09:00:00+00,2026-08-08 15:00:00+00,2026-08-09 09:00:00+00,Timing changed,2026-08-30 15:44:41.343854+00,2026-08-10 10:00:00+00
DL0501,ACC0062,SR003,LS004,Lumora Opportunity 0501,Discovery,,16000.00,20.00,2026-08-19 09:00:00+00,,,,2026-10-12,,2026-08-21 09:00:00+00,2026-08-22 09:00:00+00,2026-08-19 15:00:00+00,2026-08-20 09:00:00+00,Timing changed,2026-08-30 15:44:41.343854+00,2026-08-21 10:00:00+00
DL0502,ACC0090,SR004,LS005,Lumora Opportunity 0502,Discovery,,35500.00,20.00,2026-04-07 09:00:00+00,,,,2026-10-19,,2026-07-22 00:00:00+00,2026-07-23 00:00:00+00,2026-04-07 15:00:00+00,2026-04-08 09:00:00+00,Timing changed,2026-08-30 15:44:41.343854+00,2026-07-22 01:00:00+00
DL0503,ACC0118,SR005,LS006,Lumora Opportunity 0503,Discovery,,35500.00,20.00,2026-04-18 09:00:00+00,,,,2026-10-26,,2026-07-22 00:00:00+00,2026-07-23 00:00:00+00,2026-04-18 15:00:00+00,2026-04-19 09:00:00+00,Timing changed,2026-08-30 15:44:41.343854+00,2026-07-22 01:00:00+00
DL0504,ACC0146,SR006,LS007,Lumora Opportunity 0504,Discovery,,35500.00,20.00,2026-04-29 09:00:00+00,,,,2026-11-02,,2026-07-22 00:00:00+00,2026-07-23 00:00:00+00,2026-04-29 15:00:00+00,2026-04-30 09:00:00+00,Timing changed,2026-08-30 15:44:41.343854+00,2026-07-22 01:00:00+00
DL0505,ACC0072,SR001,LS001,Lumora Opportunity 0505,Qualified,,7000.00,40.00,2026-07-31 09:00:00+00,2026-08-03 09:00:00+00,2026-08-05 09:00:00+00,,2026-10-02,,2026-08-24 00:00:00+00,2026-08-26 00:00:00+00,2026-07-31 15:00:00+00,2026-08-01 09:00:00+00,Price too high,2026-08-30 15:44:41.343854+00,2026-08-24 01:00:00+00
DL0506,ACC0100,SR002,LS002,Lumora Opportunity 0506,Qualified,,7000.00,40.00,2026-08-11 09:00:00+00,2026-08-14 09:00:00+00,2026-08-16 09:00:00+00,,2026-10-09,,2026-08-24 00:00:00+00,2026-08-26 00:00:00+00,2026-08-11 15:00:00+00,2026-08-12 09:00:00+00,Price too high,2026-08-30 15:44:41.343854+00,2026-08-24 01:00:00+00
DL0507,ACC0128,SR003,LS003,Lumora Opportunity 0507,Qualified,,7000.00,40.00,2026-08-22 09:00:00+00,2026-08-25 09:00:00+00,2026-08-27 09:00:00+00,,2026-10-16,,2026-08-24 09:00:00+00,2026-08-26 09:00:00+00,2026-08-22 15:00:00+00,2026-08-23 09:00:00+00,Price too high,2026-08-30 15:44:41.343854+00,2026-08-24 10:00:00+00
DL0508,ACC0006,SR004,LS004,Lumora Opportunity 0508,Qualified,,17000.00,40.00,2026-04-10 09:00:00+00,2026-04-13 09:00:00+00,2026-04-15 09:00:00+00,,2026-10-23,,2026-08-24 00:00:00+00,2026-08-26 00:00:00+00,2026-04-10 15:00:00+00,2026-04-11 09:00:00+00,Price too high,2026-08-30 15:44:41.343854+00,2026-08-24 01:00:00+00
DL0509,ACC0034,SR005,LS005,Lumora Opportunity 0509,Qualified,,17000.00,40.00,2026-04-21 09:00:00+00,2026-04-24 09:00:00+00,2026-04-26 09:00:00+00,,2026-10-30,,2026-08-24 00:00:00+00,2026-08-26 00:00:00+00,2026-04-21 15:00:00+00,2026-04-22 09:00:00+00,Price too high,2026-08-30 15:44:41.343854+00,2026-08-24 01:00:00+00
DL0510,ACC0062,SR006,LS006,Lumora Opportunity 0510,Qualified,,17000.00,40.00,2026-05-02 09:00:00+00,2026-05-05 09:00:00+00,2026-05-07 09:00:00+00,,2026-08-03,,2026-08-24 00:00:00+00,2026-08-26 00:00:00+00,2026-05-02 15:00:00+00,2026-05-03 09:00:00+00,Price too high,2026-08-30 15:44:41.343854+00,2026-08-24 01:00:00+00
DL0511,ACC0138,SR001,LS007,Lumora Opportunity 0511,Proposal Sent,,7500.00,60.00,2026-08-03 09:00:00+00,2026-08-06 09:00:00+00,2026-08-08 09:00:00+00,2026-08-13 09:00:00+00,2026-10-06,,2026-08-23 00:00:00+00,2026-08-26 00:00:00+00,2026-08-03 15:00:00+00,2026-08-04 09:00:00+00,Competitor selected,2026-08-30 15:44:41.343854+00,2026-08-23 01:00:00+00
DL0512,ACC0016,SR002,LS001,Lumora Opportunity 0512,Proposal Sent,,7500.00,60.00,2026-08-14 09:00:00+00,2026-08-17 09:00:00+00,2026-08-19 09:00:00+00,2026-08-24 09:00:00+00,2026-10-13,,2026-08-23 00:00:00+00,2026-08-26 00:00:00+00,2026-08-14 15:00:00+00,2026-08-15 09:00:00+00,Competitor selected,2026-08-30 15:44:41.343854+00,2026-08-23 01:00:00+00
DL0513,ACC0044,SR003,LS002,Lumora Opportunity 0513,Proposal Sent,,7500.00,60.00,2026-04-02 09:00:00+00,2026-04-05 09:00:00+00,2026-04-07 09:00:00+00,2026-04-12 09:00:00+00,2026-10-20,,2026-08-23 00:00:00+00,2026-08-26 00:00:00+00,2026-04-02 15:00:00+00,2026-04-03 09:00:00+00,Competitor selected,2026-08-30 15:44:41.343854+00,2026-08-23 01:00:00+00
DL0514,ACC0072,SR004,LS003,Lumora Opportunity 0514,Proposal Sent,,18000.00,60.00,2026-04-13 09:00:00+00,2026-04-16 09:00:00+00,2026-04-18 09:00:00+00,2026-04-23 09:00:00+00,2026-10-27,,2026-08-23 00:00:00+00,2026-08-26 00:00:00+00,2026-04-13 15:00:00+00,2026-04-14 09:00:00+00,Competitor selected,2026-08-30 15:44:41.343854+00,2026-08-23 01:00:00+00
DL0515,ACC0100,SR005,LS004,Lumora Opportunity 0515,Proposal Sent,,18000.00,60.00,2026-04-24 09:00:00+00,2026-04-27 09:00:00+00,2026-04-29 09:00:00+00,2026-05-04 09:00:00+00,2026-11-03,,2026-08-23 00:00:00+00,2026-08-26 00:00:00+00,2026-04-24 15:00:00+00,2026-04-25 09:00:00+00,Competitor selected,2026-08-30 15:44:41.343854+00,2026-08-23 01:00:00+00
DL0516,ACC0128,SR006,LS005,Lumora Opportunity 0516,Proposal Sent,,18000.00,60.00,2026-05-05 09:00:00+00,2026-05-08 09:00:00+00,2026-05-10 09:00:00+00,2026-05-15 09:00:00+00,2026-08-07,,2026-08-23 00:00:00+00,2026-08-26 00:00:00+00,2026-05-05 15:00:00+00,2026-05-06 09:00:00+00,Competitor selected,2026-08-30 15:44:41.343854+00,2026-08-23 01:00:00+00
DL0517,ACC0054,SR001,LS000,Lumora Opportunity 0517,Negotiation,,8000.00,80.00,2026-08-06 09:00:00+00,2026-08-09 09:00:00+00,2026-08-11 09:00:00+00,2026-08-16 09:00:00+00,2026-10-10,,2026-08-22 00:00:00+00,2026-08-26 00:00:00+00,2026-08-06 15:00:00+00,2026-08-07 09:00:00+00,Budget unavailable,2026-08-30 15:44:41.343854+00,2026-08-22 01:00:00+00
DL0518,ACC0082,SR002,LS000,Lumora Opportunity 0518,Negotiation,,8000.00,80.00,2026-08-17 09:00:00+00,2026-08-20 09:00:00+00,2026-08-22 09:00:00+00,2026-08-27 09:00:00+00,2026-10-17,,2026-08-22 00:00:00+00,2026-08-26 00:00:00+00,2026-08-17 15:00:00+00,2026-08-18 09:00:00+00,Budget unavailable,2026-08-30 15:44:41.343854+00,2026-08-22 01:00:00+00
DL0519,ACC0110,SR003,LS000,Lumora Opportunity 0519,Negotiation,,8000.00,80.00,2026-04-05 09:00:00+00,2026-04-08 09:00:00+00,2026-04-10 09:00:00+00,2026-04-15 09:00:00+00,2026-10-24,,2026-08-22 00:00:00+00,2026-08-26 00:00:00+00,2026-04-05 15:00:00+00,2026-04-06 09:00:00+00,Budget unavailable,2026-08-30 15:44:41.343854+00,2026-08-22 01:00:00+00
DL0520,ACC0138,SR004,LS000,Lumora Opportunity 0520,Negotiation,,40000.00,80.00,2026-04-16 09:00:00+00,2026-04-19 09:00:00+00,2026-04-21 09:00:00+00,2026-04-26 09:00:00+00,2026-10-31,,2026-08-22 00:00:00+00,2026-08-26 00:00:00+00,2026-04-16 15:00:00+00,2026-04-17 09:00:00+00,Budget unavailable,2026-08-30 15:44:41.343854+00,2026-08-22 01:00:00+00
DL0521,ACC0016,SR005,LS000,Lumora Opportunity 0521,Negotiation,,40000.00,80.00,2026-04-27 09:00:00+00,2026-04-30 09:00:00+00,2026-05-02 09:00:00+00,2026-05-07 09:00:00+00,2026-08-04,,2026-08-22 00:00:00+00,2026-08-26 00:00:00+00,2026-04-27 15:00:00+00,2026-04-28 09:00:00+00,Budget unavailable,2026-08-30 15:44:41.343854+00,2026-08-22 01:00:00+00
DL0522,ACC0044,SR006,LS000,Lumora Opportunity 0522,Negotiation,,40000.00,80.00,2026-05-08 09:00:00+00,2026-05-11 09:00:00+00,2026-05-13 09:00:00+00,2026-05-18 09:00:00+00,2026-08-11,,2026-08-22 00:00:00+00,2026-08-26 00:00:00+00,2026-05-08 15:00:00+00,2026-05-09 09:00:00+00,Budget unavailable,2026-08-30 15:44:41.343854+00,2026-08-22 01:00:00+00
DL0523,ACC0120,SR001,LS005,Lumora Opportunity 0523,Discovery,,20000.00,20.00,2026-08-09 09:00:00+00,,,,2026-10-14,,2026-08-11 09:00:00+00,,2026-08-10 17:00:00+00,2026-08-10 09:00:00+00,Timing changed,2026-08-30 15:44:41.343854+00,2026-08-11 10:00:00+00
DL0524,ACC0148,SR002,LS006,Lumora Opportunity 0524,Discovery,,20000.00,20.00,2026-08-20 09:00:00+00,,,,2026-10-21,,2026-08-22 09:00:00+00,,2026-08-21 17:00:00+00,2026-08-21 09:00:00+00,Timing changed,2026-08-30 15:44:41.343854+00,2026-08-22 10:00:00+00
DL0525,ACC0026,SR003,LS007,Lumora Opportunity 0525,Discovery,,20000.00,20.00,2026-04-08 09:00:00+00,,,,2026-10-28,,2026-07-18 00:00:00+00,,2026-04-09 17:00:00+00,2026-04-09 09:00:00+00,Timing changed,2026-08-30 15:44:41.343854+00,2026-07-18 01:00:00+00
DL0526,ACC0054,SR004,LS001,Lumora Opportunity 0526,Discovery,,20000.00,20.00,2026-04-19 09:00:00+00,,,,2026-08-01,,2026-07-18 00:00:00+00,,2026-04-20 17:00:00+00,2026-04-20 09:00:00+00,Timing changed,2026-08-30 15:44:41.343854+00,2026-07-18 01:00:00+00
DL0527,ACC0082,SR005,LS002,Lumora Opportunity 0527,Discovery,,20000.00,20.00,2026-04-30 09:00:00+00,,,,2026-08-08,,2026-07-18 00:00:00+00,,2026-05-01 17:00:00+00,2026-05-01 09:00:00+00,Timing changed,2026-08-30 15:44:41.343854+00,2026-07-18 01:00:00+00
DL0528,ACC0110,SR006,LS003,Lumora Opportunity 0528,Discovery,,20000.00,20.00,2026-05-11 09:00:00+00,,,,2026-08-15,,2026-07-18 00:00:00+00,,2026-05-12 17:00:00+00,2026-05-12 09:00:00+00,Timing changed,2026-08-30 15:44:41.343854+00,2026-07-18 01:00:00+00
DL0529,ACC0036,SR001,LS004,Lumora Opportunity 0529,Qualified,,9000.00,40.00,2026-08-12 09:00:00+00,2026-08-15 09:00:00+00,2026-08-17 09:00:00+00,,2026-10-18,,2026-08-20 00:00:00+00,2026-08-26 00:00:00+00,2026-08-12 15:00:00+00,2026-08-13 09:00:00+00,Price too high,2026-08-30 15:44:41.343854+00,2026-08-20 01:00:00+00
DL0530,ACC0064,SR002,LS005,Lumora Opportunity 0530,Qualified,,9000.00,40.00,2026-08-23 09:00:00+00,2026-08-26 09:00:00+00,2026-08-28 09:00:00+00,,2026-10-25,,2026-08-25 09:00:00+00,2026-08-31 09:00:00+00,2026-08-23 15:00:00+00,2026-08-24 09:00:00+00,Price too high,2026-08-30 15:44:41.343854+00,2026-08-25 10:00:00+00
DL0531,ACC0092,SR003,LS006,Lumora Opportunity 0531,Qualified,,9000.00,40.00,2026-04-11 09:00:00+00,2026-04-14 09:00:00+00,2026-04-16 09:00:00+00,,2026-11-01,,2026-08-20 00:00:00+00,2026-08-26 00:00:00+00,2026-04-11 15:00:00+00,2026-04-12 09:00:00+00,Price too high,2026-08-30 15:44:41.343854+00,2026-08-20 01:00:00+00
DL0532,ACC0120,SR004,LS007,Lumora Opportunity 0532,Qualified,,21000.00,40.00,2026-04-22 09:00:00+00,2026-04-25 09:00:00+00,2026-04-27 09:00:00+00,,2026-08-05,,2026-08-20 00:00:00+00,2026-08-26 00:00:00+00,2026-04-22 15:00:00+00,2026-04-23 09:00:00+00,Price too high,2026-08-30 15:44:41.343854+00,2026-08-20 01:00:00+00
DL0533,ACC0148,SR005,LS001,Lumora Opportunity 0533,Qualified,,21000.00,40.00,2026-05-03 09:00:00+00,2026-05-06 09:00:00+00,2026-05-08 09:00:00+00,,2026-08-12,,2026-08-20 00:00:00+00,2026-08-26 00:00:00+00,2026-05-03 15:00:00+00,2026-05-04 09:00:00+00,Price too high,2026-08-30 15:44:41.343854+00,2026-08-20 01:00:00+00
DL0534,ACC0026,SR006,LS002,Lumora Opportunity 0534,Qualified,,21000.00,40.00,2026-05-14 09:00:00+00,2026-05-17 09:00:00+00,2026-05-19 09:00:00+00,,2026-08-19,,2026-08-20 00:00:00+00,2026-08-26 00:00:00+00,2026-05-14 15:00:00+00,2026-05-15 09:00:00+00,Price too high,2026-08-30 15:44:41.343854+00,2026-08-20 01:00:00+00
DL0535,ACC0102,SR001,LS003,Lumora Opportunity 0535,Proposal Sent,,4500.00,60.00,2026-08-15 09:00:00+00,2026-08-18 09:00:00+00,2026-08-20 09:00:00+00,2026-08-25 09:00:00+00,2026-10-22,,2026-08-29 00:00:00+00,2026-09-05 00:00:00+00,2026-08-15 15:00:00+00,2026-08-16 09:00:00+00,Competitor selected,2026-08-30 15:44:41.343854+00,2026-08-29 01:00:00+00
DL0536,ACC0130,SR002,LS004,Lumora Opportunity 0536,Proposal Sent,,4500.00,60.00,2026-04-03 09:00:00+00,2026-04-06 09:00:00+00,2026-04-08 09:00:00+00,2026-04-13 09:00:00+00,2026-10-29,,2026-08-29 00:00:00+00,2026-09-05 00:00:00+00,2026-04-03 15:00:00+00,2026-04-04 09:00:00+00,Competitor selected,2026-08-30 15:44:41.343854+00,2026-08-29 01:00:00+00
DL0537,ACC0008,SR003,LS005,Lumora Opportunity 0537,Proposal Sent,,4500.00,60.00,2026-04-14 09:00:00+00,2026-04-17 09:00:00+00,2026-04-19 09:00:00+00,2026-04-24 09:00:00+00,2026-08-02,,2026-08-29 00:00:00+00,2026-09-05 00:00:00+00,2026-04-14 15:00:00+00,2026-04-15 09:00:00+00,Competitor selected,2026-08-30 15:44:41.343854+00,2026-08-29 01:00:00+00
DL0538,ACC0036,SR004,LS006,Lumora Opportunity 0538,Proposal Sent,,22000.00,60.00,2026-04-25 09:00:00+00,2026-04-28 09:00:00+00,2026-04-30 09:00:00+00,2026-05-05 09:00:00+00,2026-08-09,,2026-08-29 00:00:00+00,2026-09-05 00:00:00+00,2026-04-25 15:00:00+00,2026-04-26 09:00:00+00,Competitor selected,2026-08-30 15:44:41.343854+00,2026-08-29 01:00:00+00
DL0539,ACC0014,SR005,LS007,Lumora Opportunity 0539,Proposal Sent,,22000.00,60.00,2026-05-06 09:00:00+00,2026-05-09 09:00:00+00,2026-05-11 09:00:00+00,2026-05-16 09:00:00+00,2026-08-16,,2026-08-29 00:00:00+00,2026-09-05 00:00:00+00,2026-05-06 15:00:00+00,2026-05-07 09:00:00+00,Competitor selected,2026-08-30 15:44:41.343854+00,2026-08-29 01:00:00+00
DL0540,ACC0042,SR006,LS001,Lumora Opportunity 0540,Proposal Sent,,22000.00,60.00,2026-05-17 09:00:00+00,2026-05-20 09:00:00+00,2026-05-22 09:00:00+00,2026-05-27 09:00:00+00,2026-08-23,,2026-08-29 00:00:00+00,2026-09-05 00:00:00+00,2026-05-17 15:00:00+00,2026-05-18 09:00:00+00,Competitor selected,2026-08-30 15:44:41.343854+00,2026-08-29 01:00:00+00
DL0541,ACC0018,SR001,LS002,Lumora Opportunity 0541,Negotiation,,5000.00,80.00,2026-08-18 09:00:00+00,2026-08-21 09:00:00+00,2026-08-23 09:00:00+00,2026-08-28 09:00:00+00,2026-10-26,,2026-08-28 00:00:00+00,2026-09-05 00:00:00+00,2026-08-18 15:00:00+00,2026-08-19 09:00:00+00,,2026-08-30 15:44:41.343854+00,2026-08-28 01:00:00+00
DL0542,ACC0046,SR002,LS003,Lumora Opportunity 0542,Negotiation,,5000.00,80.00,2026-04-06 09:00:00+00,2026-04-09 09:00:00+00,2026-04-11 09:00:00+00,2026-04-16 09:00:00+00,2026-11-02,,2026-08-28 00:00:00+00,2026-09-05 00:00:00+00,2026-04-06 15:00:00+00,2026-04-07 09:00:00+00,,2026-08-30 15:44:41.343854+00,2026-08-28 01:00:00+00
DL0543,ACC0024,SR003,LS004,Lumora Opportunity 0543,Negotiation,,5000.00,80.00,2026-04-17 09:00:00+00,2026-04-20 09:00:00+00,2026-04-22 09:00:00+00,2026-04-27 09:00:00+00,2026-08-06,,2026-08-28 00:00:00+00,2026-09-05 00:00:00+00,2026-04-17 15:00:00+00,2026-04-18 09:00:00+00,,2026-08-30 15:44:41.343854+00,2026-08-28 01:00:00+00
DL0544,ACC0052,SR004,LS005,Lumora Opportunity 0544,Negotiation,,10000.00,80.00,2026-04-28 09:00:00+00,2026-05-01 09:00:00+00,2026-05-03 09:00:00+00,2026-05-08 09:00:00+00,2026-08-13,,2026-08-28 00:00:00+00,2026-09-05 00:00:00+00,2026-04-28 15:00:00+00,2026-04-29 09:00:00+00,,2026-08-30 15:44:41.343854+00,2026-08-28 01:00:00+00
DL0545,ACC0080,SR005,LS006,Lumora Opportunity 0545,Negotiation,,10000.00,80.00,2026-05-09 09:00:00+00,2026-05-12 09:00:00+00,2026-05-14 09:00:00+00,2026-05-19 09:00:00+00,2026-08-20,,2026-08-28 00:00:00+00,2026-09-05 00:00:00+00,2026-05-09 15:00:00+00,2026-05-10 09:00:00+00,,2026-08-30 15:44:41.343854+00,2026-08-28 01:00:00+00
DL0546,ACC0108,SR006,LS007,Lumora Opportunity 0546,Negotiation,,10000.00,80.00,2026-05-20 09:00:00+00,2026-05-23 09:00:00+00,2026-05-25 09:00:00+00,2026-05-30 09:00:00+00,2026-08-27,,2026-08-28 00:00:00+00,2026-09-05 00:00:00+00,2026-05-20 15:00:00+00,2026-05-21 09:00:00+00,,2026-08-30 15:44:41.343854+00,2026-08-28 01:00:00+00
DL0547,ACC0034,SR001,LS001,Lumora Opportunity 0547,Discovery,,11000.00,20.00,2026-08-21 09:00:00+00,,,,2026-10-30,,2026-08-23 09:00:00+00,2026-09-01 09:00:00+00,2026-08-21 15:00:00+00,2026-08-22 09:00:00+00,Timing changed,2026-08-30 15:44:41.343854+00,2026-08-23 10:00:00+00
DL0548,ACC0062,SR002,LS002,Lumora Opportunity 0548,Discovery,,11000.00,20.00,2026-04-09 09:00:00+00,,,,2026-08-03,,2026-07-29 00:00:00+00,2026-08-07 00:00:00+00,2026-04-09 15:00:00+00,2026-04-10 09:00:00+00,Timing changed,2026-08-30 15:44:41.343854+00,2026-07-29 01:00:00+00
DL0549,ACC0090,SR003,LS003,Lumora Opportunity 0549,Discovery,,11000.00,20.00,2026-04-20 09:00:00+00,,,,2026-08-10,,2026-07-29 00:00:00+00,2026-08-07 00:00:00+00,2026-04-20 15:00:00+00,2026-04-21 09:00:00+00,Timing changed,2026-08-30 15:44:41.343854+00,2026-07-29 01:00:00+00
DL0550,ACC0118,SR004,LS004,Lumora Opportunity 0550,Discovery,,11000.00,20.00,2026-05-01 09:00:00+00,,,,2026-08-17,,2026-07-29 00:00:00+00,2026-08-07 00:00:00+00,2026-05-01 15:00:00+00,2026-05-02 09:00:00+00,Timing changed,2026-08-30 15:44:41.343854+00,2026-07-29 01:00:00+00
DL0551,ACC0146,SR005,LS005,Lumora Opportunity 0551,Discovery,,11000.00,20.00,2026-05-12 09:00:00+00,,,,2026-08-24,,2026-07-29 00:00:00+00,2026-08-07 00:00:00+00,2026-05-12 15:00:00+00,2026-05-13 09:00:00+00,Timing changed,2026-08-30 15:44:41.343854+00,2026-07-29 01:00:00+00
DL0552,ACC0024,SR006,LS006,Lumora Opportunity 0552,Discovery,,11000.00,20.00,2026-05-23 09:00:00+00,,,,2026-08-31,,2026-07-29 00:00:00+00,2026-08-07 00:00:00+00,2026-05-23 15:00:00+00,2026-05-24 09:00:00+00,Timing changed,2026-08-30 15:44:41.343854+00,2026-07-29 01:00:00+00
DL0553,ACC0100,SR001,LS007,Lumora Opportunity 0553,Qualified,,6000.00,40.00,2026-04-01 09:00:00+00,2026-04-04 09:00:00+00,2026-04-06 09:00:00+00,,2026-11-03,,2026-08-26 00:00:00+00,2026-09-05 00:00:00+00,2026-04-01 15:00:00+00,2026-04-02 09:00:00+00,Price too high,2026-08-30 15:44:41.343854+00,2026-08-26 01:00:00+00
DL0554,ACC0128,SR002,LS001,Lumora Opportunity 0554,Qualified,,6000.00,40.00,2026-04-12 09:00:00+00,2026-04-15 09:00:00+00,2026-04-17 09:00:00+00,,2026-08-07,,2026-08-26 00:00:00+00,2026-09-05 00:00:00+00,2026-04-12 15:00:00+00,2026-04-13 09:00:00+00,Price too high,2026-08-30 15:44:41.343854+00,2026-08-26 01:00:00+00
DL0555,ACC0006,SR003,LS002,Lumora Opportunity 0555,Qualified,,6000.00,40.00,2026-04-23 09:00:00+00,2026-04-26 09:00:00+00,2026-04-28 09:00:00+00,,2026-08-14,,2026-08-26 00:00:00+00,2026-09-05 00:00:00+00,2026-04-23 15:00:00+00,2026-04-24 09:00:00+00,Price too high,2026-08-30 15:44:41.343854+00,2026-08-26 01:00:00+00
DL0556,ACC0034,SR004,LS003,Lumora Opportunity 0556,Qualified,,26500.00,40.00,2026-05-04 09:00:00+00,2026-05-07 09:00:00+00,2026-05-09 09:00:00+00,,2026-08-21,,2026-08-26 00:00:00+00,2026-09-05 00:00:00+00,2026-05-04 15:00:00+00,2026-05-05 09:00:00+00,Price too high,2026-08-30 15:44:41.343854+00,2026-08-26 01:00:00+00
DL0557,ACC0062,SR005,LS004,Lumora Opportunity 0557,Qualified,,26500.00,40.00,2026-05-15 09:00:00+00,2026-05-18 09:00:00+00,2026-05-20 09:00:00+00,,2026-08-28,,2026-08-26 00:00:00+00,2026-09-05 00:00:00+00,2026-05-15 15:00:00+00,2026-05-16 09:00:00+00,Price too high,2026-08-30 15:44:41.343854+00,2026-08-26 01:00:00+00
DL0558,ACC0090,SR006,LS005,Lumora Opportunity 0558,Qualified,,26500.00,40.00,2026-05-26 09:00:00+00,2026-05-29 09:00:00+00,2026-05-31 09:00:00+00,,2026-09-04,,2026-08-26 00:00:00+00,2026-09-05 00:00:00+00,2026-05-26 15:00:00+00,2026-05-27 09:00:00+00,Price too high,2026-08-30 15:44:41.343854+00,2026-08-26 01:00:00+00
DL0559,ACC0016,SR001,LS006,Lumora Opportunity 0559,Proposal Sent,,6500.00,60.00,2026-04-04 09:00:00+00,2026-04-07 09:00:00+00,2026-04-09 09:00:00+00,2026-04-14 09:00:00+00,2026-08-04,,2026-08-25 00:00:00+00,2026-09-05 00:00:00+00,2026-04-04 15:00:00+00,2026-04-05 09:00:00+00,Competitor selected,2026-08-30 15:44:41.343854+00,2026-08-25 01:00:00+00
DL0560,ACC0044,SR002,LS007,Lumora Opportunity 0560,Proposal Sent,,6500.00,60.00,2026-04-15 09:00:00+00,2026-04-18 09:00:00+00,2026-04-20 09:00:00+00,2026-04-25 09:00:00+00,2026-08-11,,2026-08-25 00:00:00+00,2026-09-05 00:00:00+00,2026-04-15 15:00:00+00,2026-04-16 09:00:00+00,Competitor selected,2026-08-30 15:44:41.343854+00,2026-08-25 01:00:00+00
DL0561,ACC0072,SR003,LS001,Lumora Opportunity 0561,Proposal Sent,,6500.00,60.00,2026-04-26 09:00:00+00,2026-04-29 09:00:00+00,2026-05-01 09:00:00+00,2026-05-06 09:00:00+00,2026-08-18,,2026-08-25 00:00:00+00,2026-09-05 00:00:00+00,2026-04-26 15:00:00+00,2026-04-27 09:00:00+00,Competitor selected,2026-08-30 15:44:41.343854+00,2026-08-25 01:00:00+00
DL0562,ACC0100,SR004,LS002,Lumora Opportunity 0562,Proposal Sent,,13000.00,60.00,2026-05-07 09:00:00+00,2026-05-10 09:00:00+00,2026-05-12 09:00:00+00,2026-05-17 09:00:00+00,2026-08-25,,2026-08-25 00:00:00+00,2026-09-05 00:00:00+00,2026-05-07 15:00:00+00,2026-05-08 09:00:00+00,Competitor selected,2026-08-30 15:44:41.343854+00,2026-08-25 01:00:00+00
DL0563,ACC0128,SR005,LS003,Lumora Opportunity 0563,Proposal Sent,,13000.00,60.00,2026-05-18 09:00:00+00,2026-05-21 09:00:00+00,2026-05-23 09:00:00+00,2026-05-28 09:00:00+00,2026-09-01,,2026-08-25 00:00:00+00,2026-09-05 00:00:00+00,2026-05-18 15:00:00+00,2026-05-19 09:00:00+00,Competitor selected,2026-08-30 15:44:41.343854+00,2026-08-25 01:00:00+00
DL0564,ACC0006,SR006,LS004,Lumora Opportunity 0564,Proposal Sent,,13000.00,60.00,2026-05-29 09:00:00+00,2026-06-01 09:00:00+00,2026-06-03 09:00:00+00,2026-06-08 09:00:00+00,2026-09-08,,2026-08-25 00:00:00+00,2026-09-05 00:00:00+00,2026-05-29 15:00:00+00,2026-05-30 09:00:00+00,Competitor selected,2026-08-30 15:44:41.343854+00,2026-08-25 01:00:00+00
DL0565,ACC0082,SR001,LS005,Lumora Opportunity 0565,Negotiation,,7000.00,80.00,2026-04-07 09:00:00+00,2026-04-10 09:00:00+00,2026-04-12 09:00:00+00,2026-04-17 09:00:00+00,2026-08-08,,2026-08-24 00:00:00+00,2026-09-05 00:00:00+00,2026-04-07 15:00:00+00,2026-04-08 09:00:00+00,Budget unavailable,2026-08-30 15:44:41.343854+00,2026-08-24 01:00:00+00
DL0566,ACC0110,SR002,LS006,Lumora Opportunity 0566,Negotiation,,7000.00,80.00,2026-04-18 09:00:00+00,2026-04-21 09:00:00+00,2026-04-23 09:00:00+00,2026-04-28 09:00:00+00,2026-08-15,,2026-08-24 00:00:00+00,2026-09-05 00:00:00+00,2026-04-18 15:00:00+00,2026-04-19 09:00:00+00,Budget unavailable,2026-08-30 15:44:41.343854+00,2026-08-24 01:00:00+00
DL0567,ACC0138,SR003,LS007,Lumora Opportunity 0567,Negotiation,,7000.00,80.00,2026-04-29 09:00:00+00,2026-05-02 09:00:00+00,2026-05-04 09:00:00+00,2026-05-09 09:00:00+00,2026-08-22,,2026-08-24 00:00:00+00,2026-09-05 00:00:00+00,2026-04-29 15:00:00+00,2026-04-30 09:00:00+00,Budget unavailable,2026-08-30 15:44:41.343854+00,2026-08-24 01:00:00+00
DL0568,ACC0016,SR004,LS001,Lumora Opportunity 0568,Negotiation,,14000.00,80.00,2026-05-10 09:00:00+00,2026-05-13 09:00:00+00,2026-05-15 09:00:00+00,2026-05-20 09:00:00+00,2026-08-29,,2026-08-24 00:00:00+00,2026-09-05 00:00:00+00,2026-05-10 15:00:00+00,2026-05-11 09:00:00+00,Budget unavailable,2026-08-30 15:44:41.343854+00,2026-08-24 01:00:00+00
DL0569,ACC0044,SR005,LS002,Lumora Opportunity 0569,Negotiation,,14000.00,80.00,2026-05-21 09:00:00+00,2026-05-24 09:00:00+00,2026-05-26 09:00:00+00,2026-05-31 09:00:00+00,2026-09-05,,2026-08-24 00:00:00+00,2026-09-05 00:00:00+00,2026-05-21 15:00:00+00,2026-05-22 09:00:00+00,Budget unavailable,2026-08-30 15:44:41.343854+00,2026-08-24 01:00:00+00
DL0570,ACC0072,SR006,LS003,Lumora Opportunity 0570,Negotiation,,14000.00,80.00,2026-06-01 09:00:00+00,2026-06-04 09:00:00+00,2026-06-06 09:00:00+00,2026-06-11 09:00:00+00,2026-09-12,,2026-08-24 00:00:00+00,2026-09-05 00:00:00+00,2026-06-01 15:00:00+00,2026-06-02 09:00:00+00,Budget unavailable,2026-08-30 15:44:41.343854+00,2026-08-24 01:00:00+00
DL0571,ACC0148,SR001,LS004,Lumora Opportunity 0571,Discovery,,15000.00,20.00,2026-04-10 09:00:00+00,,,,2026-08-12,,2026-07-25 00:00:00+00,2026-07-26 00:00:00+00,2026-04-11 17:00:00+00,2026-04-11 09:00:00+00,Timing changed,2026-08-30 15:44:41.343854+00,2026-07-25 01:00:00+00
DL0572,ACC0026,SR002,LS005,Lumora Opportunity 0572,Discovery,,15000.00,20.00,2026-04-21 09:00:00+00,,,,2026-08-19,,2026-07-25 00:00:00+00,2026-07-26 00:00:00+00,2026-04-22 17:00:00+00,2026-04-22 09:00:00+00,Timing changed,2026-08-30 15:44:41.343854+00,2026-07-25 01:00:00+00
DL0573,ACC0054,SR003,LS006,Lumora Opportunity 0573,Discovery,,15000.00,20.00,2026-05-02 09:00:00+00,,,,2026-08-26,,2026-07-25 00:00:00+00,2026-07-26 00:00:00+00,2026-05-03 17:00:00+00,2026-05-03 09:00:00+00,Timing changed,2026-08-30 15:44:41.343854+00,2026-07-25 01:00:00+00
DL0574,ACC0082,SR004,LS007,Lumora Opportunity 0574,Discovery,,31000.00,20.00,2026-05-13 09:00:00+00,,,,2026-09-02,,2026-07-25 00:00:00+00,2026-07-26 00:00:00+00,2026-05-14 17:00:00+00,2026-05-14 09:00:00+00,Timing changed,2026-08-30 15:44:41.343854+00,2026-07-25 01:00:00+00
DL0575,ACC0110,SR005,LS001,Lumora Opportunity 0575,Discovery,,31000.00,20.00,2026-05-24 09:00:00+00,,,,2026-09-09,,2026-07-25 00:00:00+00,2026-07-26 00:00:00+00,2026-05-25 17:00:00+00,2026-05-25 09:00:00+00,Timing changed,2026-08-30 15:44:41.343854+00,2026-07-25 01:00:00+00
DL0576,ACC0138,SR006,LS002,Lumora Opportunity 0576,Discovery,,31000.00,20.00,2026-06-04 09:00:00+00,,,,2026-09-16,,2026-07-25 00:00:00+00,2026-07-26 00:00:00+00,2026-06-05 17:00:00+00,2026-06-05 09:00:00+00,Timing changed,2026-08-30 15:44:41.343854+00,2026-07-25 01:00:00+00
DL0577,ACC0064,SR001,LS003,Lumora Opportunity 0577,Qualified,,8000.00,40.00,2026-04-13 09:00:00+00,2026-04-16 09:00:00+00,2026-04-18 09:00:00+00,,2026-08-16,,2026-08-22 00:00:00+00,2026-08-24 00:00:00+00,2026-04-13 15:00:00+00,2026-04-14 09:00:00+00,Price too high,2026-08-30 15:44:41.343854+00,2026-08-22 01:00:00+00
DL0578,ACC0092,SR002,LS004,Lumora Opportunity 0578,Qualified,,8000.00,40.00,2026-04-24 09:00:00+00,2026-04-27 09:00:00+00,2026-04-29 09:00:00+00,,2026-08-23,,2026-08-22 00:00:00+00,2026-08-24 00:00:00+00,2026-04-24 15:00:00+00,2026-04-25 09:00:00+00,Price too high,2026-08-30 15:44:41.343854+00,2026-08-22 01:00:00+00
DL0579,ACC0120,SR003,LS005,Lumora Opportunity 0579,Qualified,,8000.00,40.00,2026-05-05 09:00:00+00,2026-05-08 09:00:00+00,2026-05-10 09:00:00+00,,2026-08-30,,2026-08-22 00:00:00+00,2026-08-24 00:00:00+00,2026-05-05 15:00:00+00,2026-05-06 09:00:00+00,Price too high,2026-08-30 15:44:41.343854+00,2026-08-22 01:00:00+00
DL0580,ACC0148,SR004,LS006,Lumora Opportunity 0580,Qualified,,16000.00,40.00,2026-05-16 09:00:00+00,2026-05-19 09:00:00+00,2026-05-21 09:00:00+00,,2026-09-06,,2026-08-22 00:00:00+00,2026-08-24 00:00:00+00,2026-05-16 15:00:00+00,2026-05-17 09:00:00+00,Price too high,2026-08-30 15:44:41.343854+00,2026-08-22 01:00:00+00
DL0581,ACC0026,SR005,LS007,Lumora Opportunity 0581,Qualified,,16000.00,40.00,2026-05-27 09:00:00+00,2026-05-30 09:00:00+00,2026-06-01 09:00:00+00,,2026-09-13,,2026-08-22 00:00:00+00,2026-08-24 00:00:00+00,2026-05-27 15:00:00+00,2026-05-28 09:00:00+00,Price too high,2026-08-30 15:44:41.343854+00,2026-08-22 01:00:00+00
DL0582,ACC0004,SR006,LS001,Lumora Opportunity 0582,Qualified,,16000.00,40.00,2026-06-07 09:00:00+00,2026-06-10 09:00:00+00,2026-06-12 09:00:00+00,,2026-09-20,,2026-08-22 00:00:00+00,2026-08-24 00:00:00+00,2026-06-07 15:00:00+00,2026-06-08 09:00:00+00,Price too high,2026-08-30 15:44:41.343854+00,2026-08-22 01:00:00+00
DL0583,ACC0130,SR001,LS002,Lumora Opportunity 0583,Proposal Sent,,8500.00,60.00,2026-04-16 09:00:00+00,2026-04-19 09:00:00+00,2026-04-21 09:00:00+00,2026-04-26 09:00:00+00,2026-08-20,,2026-08-21 00:00:00+00,2026-08-24 00:00:00+00,2026-04-16 15:00:00+00,2026-04-17 09:00:00+00,Competitor selected,2026-08-30 15:44:41.343854+00,2026-08-21 01:00:00+00
DL0584,ACC0008,SR002,LS003,Lumora Opportunity 0584,Proposal Sent,,8500.00,60.00,2026-04-27 09:00:00+00,2026-04-30 09:00:00+00,2026-05-02 09:00:00+00,2026-05-07 09:00:00+00,2026-08-27,,2026-08-21 00:00:00+00,2026-08-24 00:00:00+00,2026-04-27 15:00:00+00,2026-04-28 09:00:00+00,Competitor selected,2026-08-30 15:44:41.343854+00,2026-08-21 01:00:00+00
DL0585,ACC0036,SR003,LS004,Lumora Opportunity 0585,Proposal Sent,,8500.00,60.00,2026-05-08 09:00:00+00,2026-05-11 09:00:00+00,2026-05-13 09:00:00+00,2026-05-18 09:00:00+00,2026-09-03,,2026-08-21 00:00:00+00,2026-08-24 00:00:00+00,2026-05-08 15:00:00+00,2026-05-09 09:00:00+00,Competitor selected,2026-08-30 15:44:41.343854+00,2026-08-21 01:00:00+00
DL0586,ACC0014,SR004,LS005,Lumora Opportunity 0586,Proposal Sent,,17000.00,60.00,2026-05-19 09:00:00+00,2026-05-22 09:00:00+00,2026-05-24 09:00:00+00,2026-05-29 09:00:00+00,2026-09-10,,2026-08-21 00:00:00+00,2026-08-24 00:00:00+00,2026-05-19 15:00:00+00,2026-05-20 09:00:00+00,Competitor selected,2026-08-30 15:44:41.343854+00,2026-08-21 01:00:00+00
DL0587,ACC0042,SR005,LS006,Lumora Opportunity 0587,Proposal Sent,,17000.00,60.00,2026-05-30 09:00:00+00,2026-06-02 09:00:00+00,2026-06-04 09:00:00+00,2026-06-09 09:00:00+00,2026-09-17,,2026-08-21 00:00:00+00,2026-08-24 00:00:00+00,2026-05-30 15:00:00+00,2026-05-31 09:00:00+00,Competitor selected,2026-08-30 15:44:41.343854+00,2026-08-21 01:00:00+00
DL0588,ACC0070,SR006,LS007,Lumora Opportunity 0588,Proposal Sent,,17000.00,60.00,2026-06-10 09:00:00+00,2026-06-13 09:00:00+00,2026-06-15 09:00:00+00,2026-06-20 09:00:00+00,2026-09-24,,2026-08-21 00:00:00+00,2026-08-24 00:00:00+00,2026-06-10 15:00:00+00,2026-06-11 09:00:00+00,Competitor selected,2026-08-30 15:44:41.343854+00,2026-08-21 01:00:00+00
DL0589,ACC0046,SR001,LS001,Lumora Opportunity 0589,Negotiation,,9000.00,80.00,2026-04-19 09:00:00+00,2026-04-22 09:00:00+00,2026-04-24 09:00:00+00,2026-04-29 09:00:00+00,2026-08-24,,2026-08-20 00:00:00+00,,2026-04-19 15:00:00+00,2026-04-20 09:00:00+00,Budget unavailable,2026-08-30 15:44:41.343854+00,2026-08-20 01:00:00+00
DL0590,ACC0024,SR002,LS002,Lumora Opportunity 0590,Negotiation,,9000.00,80.00,2026-04-30 09:00:00+00,2026-05-03 09:00:00+00,2026-05-05 09:00:00+00,2026-05-10 09:00:00+00,2026-08-31,,2026-08-20 00:00:00+00,,2026-04-30 15:00:00+00,2026-05-01 09:00:00+00,Budget unavailable,2026-08-30 15:44:41.343854+00,2026-08-20 01:00:00+00
DL0591,ACC0052,SR003,LS003,Lumora Opportunity 0591,Negotiation,,9000.00,80.00,2026-05-11 09:00:00+00,2026-05-14 09:00:00+00,2026-05-16 09:00:00+00,2026-05-21 09:00:00+00,2026-09-07,,2026-08-20 00:00:00+00,,2026-05-11 15:00:00+00,2026-05-12 09:00:00+00,Budget unavailable,2026-08-30 15:44:41.343854+00,2026-08-20 01:00:00+00
DL0592,ACC0080,SR004,LS004,Lumora Opportunity 0592,Negotiation,,35500.00,80.00,2026-05-22 09:00:00+00,2026-05-25 09:00:00+00,2026-05-27 09:00:00+00,2026-06-01 09:00:00+00,2026-09-14,,2026-08-20 00:00:00+00,,2026-05-22 15:00:00+00,2026-05-23 09:00:00+00,Budget unavailable,2026-08-30 15:44:41.343854+00,2026-08-20 01:00:00+00
DL0593,ACC0108,SR005,LS005,Lumora Opportunity 0593,Negotiation,,35500.00,80.00,2026-06-02 09:00:00+00,2026-06-05 09:00:00+00,2026-06-07 09:00:00+00,2026-06-12 09:00:00+00,2026-09-21,,2026-08-20 00:00:00+00,,2026-06-02 15:00:00+00,2026-06-03 09:00:00+00,Budget unavailable,2026-08-30 15:44:41.343854+00,2026-08-20 01:00:00+00
DL0594,ACC0136,SR006,LS006,Lumora Opportunity 0594,Negotiation,,35500.00,80.00,2026-06-13 09:00:00+00,2026-06-16 09:00:00+00,2026-06-18 09:00:00+00,2026-06-23 09:00:00+00,2026-09-28,,2026-08-20 00:00:00+00,,2026-06-13 15:00:00+00,2026-06-14 09:00:00+00,Budget unavailable,2026-08-30 15:44:41.343854+00,2026-08-20 01:00:00+00
DL0595,ACC0062,SR001,LS007,Lumora Opportunity 0595,Discovery,,19000.00,20.00,2026-04-22 09:00:00+00,,,,2026-08-28,,2026-07-21 00:00:00+00,2026-07-26 00:00:00+00,2026-04-22 15:00:00+00,2026-04-23 09:00:00+00,Timing changed,2026-08-30 15:44:41.343854+00,2026-07-21 01:00:00+00
DL0596,ACC0090,SR002,LS001,Lumora Opportunity 0596,Discovery,,19000.00,20.00,2026-05-03 09:00:00+00,,,,2026-09-04,,2026-07-21 00:00:00+00,2026-07-26 00:00:00+00,2026-05-03 15:00:00+00,2026-05-04 09:00:00+00,Timing changed,2026-08-30 15:44:41.343854+00,2026-07-21 01:00:00+00
DL0597,ACC0118,SR003,LS002,Lumora Opportunity 0597,Discovery,,19000.00,20.00,2026-05-14 09:00:00+00,,,,2026-09-11,,2026-07-21 00:00:00+00,2026-07-26 00:00:00+00,2026-05-14 15:00:00+00,2026-05-15 09:00:00+00,Timing changed,2026-08-30 15:44:41.343854+00,2026-07-21 01:00:00+00
DL0598,ACC0146,SR004,LS003,Lumora Opportunity 0598,Discovery,,19000.00,20.00,2026-05-25 09:00:00+00,,,,2026-09-18,,2026-07-21 00:00:00+00,2026-07-26 00:00:00+00,2026-05-25 15:00:00+00,2026-05-26 09:00:00+00,Timing changed,2026-08-30 15:44:41.343854+00,2026-07-21 01:00:00+00
DL0599,ACC0024,SR005,LS004,Lumora Opportunity 0599,Discovery,,19000.00,20.00,2026-06-05 09:00:00+00,,,,2026-09-25,,2026-07-21 00:00:00+00,2026-07-26 00:00:00+00,2026-06-05 15:00:00+00,2026-06-06 09:00:00+00,Timing changed,2026-08-30 15:44:41.343854+00,2026-07-21 01:00:00+00
DL0600,ACC0052,SR006,LS005,Lumora Opportunity 0600,Discovery,,19000.00,20.00,2026-06-16 09:00:00+00,,,,2026-10-02,,2026-07-21 00:00:00+00,2026-07-26 00:00:00+00,2026-06-16 15:00:00+00,2026-06-17 09:00:00+00,Timing changed,2026-08-30 15:44:41.343854+00,2026-07-21 01:00:00+00
